Title,Ratings,price,Link To Buy
Dell Inspiron 5501 15.6 Inch FHD Laptop (10th Gen i7-1065G7/8 GB/512 SSD/2 GB Nvidia Graphics/Win 10 + MS Office H&S 2019/Silver) D560213WIN9S,3.4 out of 5,"₹ 85,890.00",https://www.amazon.in/gp/slredirect/picassoRedirect.html/ref=pa_sp_atf_computers_sr_pg1_1?ie=UTF8&adId=A069085520ZN3FRAU0I2I&url=%2FDell-Inspiron-i7-1065G7-Graphics-D560213WIN9S%2Fdp%2FB08GY7C5SF%2Fref%3Dsr_1_1_sspa%3Fdchild%3D1%26keywords%3Dlaptop%26qid%3D1611756172%26refinements%3Dp_n_feature_thirteen_browse-bin%253A12598163031%257C16757432031%26rnid%3D12598141031%26s%3Dcomputers%26sr%3D1-1-spons%26psc%3D1&qualifier=1611756178&id=7226174411632796&widgetName=sp_atf
"Dell Inspiron 5409 14.0"" FHD WVA AG Display 11th Gen Laptop (i7-1165G7 / 8 GB / 512 SSD / Nvidia MX 350 2GB Graphics / 1 Yr NBD / Win 10 + MS Office H&S / Pebble) D560374WIN9PE",4 out of 5,"₹ 86,990.00",https://www.amazon.in/gp/slredirect/picassoRedirect.html/ref=pa_sp_atf_computers_sr_pg1_1?ie=UTF8&adId=A067261537QCP5JT3DF52&url=%2FDell-Inspiron-i7-1165G7-Graphics-D560374WIN9PE%2Fdp%2FB08MQBFY23%2Fref%3Dsr_1_2_sspa%3Fdchild%3D1%26keywords%3Dlaptop%26qid%3D1611756172%26refinements%3Dp_n_feature_thirteen_browse-bin%253A12598163031%257C16757432031%26rnid%3D12598141031%26s%3Dcomputers%26sr%3D1-2-spons%26psc%3D1&qualifier=1611756178&id=7226174411632796&widgetName=sp_atf
"Mi Notebook Horizon Edition 14 Intel Core i5-10210U 10th Gen Thin and Light Laptop(8GB/512GB SSD/Windows 10/Nvidia MX350 2GB Graphics/Grey/1.35Kg), XMA1904-AR+Webcam",4.2 out of 5,"₹ 54,862.00",https://www.amazon.in/Notebook-Horizon-i5-10210U-Graphics-XMA1904-AR/dp/B089F5JGM1/ref=sr_1_3?dchild=1&keywords=laptop&qid=1611756172&refinements=p_n_feature_thirteen_browse-bin%3A12598163031%7C16757432031&rnid=12598141031&s=computers&sr=1-3
"(Renewed) Dell Latitude E7470 14-inch Laptop (Core i7 6th Gen/8GB(Up to 16)/1 TB HDD/Windows 10/MS Office Pro 2019/Intel Graphics), Black",NA,"₹ 53,599.00",https://www.amazon.in/Renewed-Dell-Latitude-14-inch-Graphics/dp/B08RSPBM7C/ref=sr_1_4?dchild=1&keywords=laptop&qid=1611756172&refinements=p_n_feature_thirteen_browse-bin%3A12598163031%7C16757432031&rnid=12598141031&s=computers&sr=1-4
"(Renewed) Dell Latitude E7470 14-inch Laptop (Core i7 6th Gen/16GB/1 TB HDD/Windows 10/MS Office Pro 2019/Intel Graphics), Black",NA,"₹ 55,299.00",https://www.amazon.in/Renewed-Dell-Latitude-14-inch-Graphics/dp/B08RRSCQZ7/ref=sr_1_5?dchild=1&keywords=laptop&qid=1611756172&refinements=p_n_feature_thirteen_browse-bin%3A12598163031%7C16757432031&rnid=12598141031&s=computers&sr=1-5
"(Renewed) Dell Latitude E7470 14-inch Laptop (Core i7 6th Gen/8GB(Up to 16)/500 GB HDD/Windows 10/MS Office Pro 2019/Intel Graphics), Black",NA,"₹ 52,699.00",https://www.amazon.in/Renewed-Dell-Latitude-14-inch-Graphics/dp/B08RRV5KMJ/ref=sr_1_6?dchild=1&keywords=laptop&qid=1611756172&refinements=p_n_feature_thirteen_browse-bin%3A12598163031%7C16757432031&rnid=12598141031&s=computers&sr=1-6
"(Renewed) Dell Latitude E7470 14-inch Laptop (Core i7 6th Gen/16GB/500 GB HDD/Windows 10/MS Office Pro 2019/Intel Graphics), Black",NA,"₹ 54,399.00",https://www.amazon.in/Renewed-Dell-Latitude-14-inch-Graphics/dp/B08RSFLPB4/ref=sr_1_7?dchild=1&keywords=laptop&qid=1611756172&refinements=p_n_feature_thirteen_browse-bin%3A12598163031%7C16757432031&rnid=12598141031&s=computers&sr=1-7
"MSI GF63 Thin Core i7 9th Gen - (8 GB/512 GB SSD/Windows 10 Home/4 GB Graphics/NVIDIA Geforce GTX 1650 Ti with Max-Q) GF63 Thin 9SCSR-1039IN Gaming Laptop (15.6 inch, Black, 1.86 kg)",NA,"₹ 70,990.00",https://www.amazon.in/MSI-GF63-Thin-Core-9th/dp/B08T1K2S41/ref=sr_1_8?dchild=1&keywords=laptop&qid=1611756172&refinements=p_n_feature_thirteen_browse-bin%3A12598163031%7C16757432031&rnid=12598141031&s=computers&sr=1-8
"Lenovo Yoga S740 Intel Core i7 10th Gen 14 inch UHD Ultra Thin and Light Laptop (16GB/1TB SSD/Windows/Office/NVIDIA MX250 2GB/Iron Grey/1.4Kg), 81RS00B0IN",3.3 out of 5,"₹ 96,901.00",https://www.amazon.in/Lenovo-Laptop-Windows-Office-81RS00B0IN/dp/B08BSHBHZZ/ref=sr_1_9?dchild=1&keywords=laptop&qid=1611756172&refinements=p_n_feature_thirteen_browse-bin%3A12598163031%7C16757432031&rnid=12598141031&s=computers&sr=1-9
"(Renewed) MSI Prestige PE62 Core i7 7th Gen 15.6"" FHD Laptop Nvidia GeForce GTX 1050 Ti 4GB GDDR5 (8GB/1TB + 125 GB NVMe SSD/DOS OS/Silver/2.2Kg) 7RE-2024XIN",NA,"₹ 55,990.00",https://www.amazon.in/Renewed-MSI-Prestige-PE62-7RE-2024XIN/dp/B08SW2335L/ref=sr_1_10?dchild=1&keywords=laptop&qid=1611756172&refinements=p_n_feature_thirteen_browse-bin%3A12598163031%7C16757432031&rnid=12598141031&s=computers&sr=1-10
"(Renewed) Lenovo Legion Y740 9th Gen Intel Core i7 15.6 inch FHD Gaming Laptop (16GB/1TB SSD/NVIDIA RTX 2060 6GB Graphics/Windows 10/MS Office/Black/2.2Kg), 81UH006YIN",NA,"₹ 1,24,990.00",https://www.amazon.in/Renewed-Lenovo-Graphics-Windows-81UH006YIN/dp/B08TC5GDVR/ref=sr_1_11?dchild=1&keywords=laptop&qid=1611756172&refinements=p_n_feature_thirteen_browse-bin%3A12598163031%7C16757432031&rnid=12598141031&s=computers&sr=1-11
"HP Pavilion x360 Touchscreen 2-in-1 FHD 14-inch Laptop (10th Gen Core i7-10510U/8GB/512GB SSD/Windows 10 Home/MS Office/Mineral Silver/1.58 kg), 14-dh1180tu",3.6 out of 5,"₹ 74,990.00",https://www.amazon.in/HP-Pavilion-Touchscreen-i7-10510U-14-dh1180tu/dp/B08GD8LQTY/ref=sr_1_12?dchild=1&keywords=laptop&qid=1611756172&refinements=p_n_feature_thirteen_browse-bin%3A12598163031%7C16757432031&rnid=12598141031&s=computers&sr=1-12
"HP 14 Thin & Light 14-inch FHD Laptop (11th Gen Intel i7-1165G7/8GB/512GB SSD/Windows 10/MS Office 2019/Alexa Built-in/Pale Gold/1.47 kg), 14s-dr2007TU",NA,"₹ 75,993.00",https://www.amazon.in/HP-14-inch-i7-1165G7-Windows-14s-dr2007TU/dp/B08N57LR4X/ref=sr_1_13?dchild=1&keywords=laptop&qid=1611756172&refinements=p_n_feature_thirteen_browse-bin%3A12598163031%7C16757432031&rnid=12598141031&s=computers&sr=1-13
"ASUS ROG Zephyrus M15 (2020), 15.6"" 4K UHD, Intel Core i7-10750H 10th Gen, RTX 2060 GDDR6 6GB Graphics, Gaming Laptop (16GB RAM/1TB NVMe SSD/Windows 10/Prism Black/1.9 Kg), GU502LV-HC140T",1 out of 5,"₹ 1,49,990.00",https://www.amazon.in/ASUS-Zephyrus-i7-10750H-Graphics-GU502LV-HC140T/dp/B08H2GG3WT/ref=sr_1_14?dchild=1&keywords=laptop&qid=1611756172&refinements=p_n_feature_thirteen_browse-bin%3A12598163031%7C16757432031&rnid=12598141031&s=computers&sr=1-14
"Dell XPS 9370 13.3-inch FHD Display Thin & Light Laptop (8th Gen i7-8550U/16GB/512GB SSD/Win 10 + MS Office/Integrated Graphics), Gold",2.8 out of 5,"₹ 1,09,890.00",https://www.amazon.in/gp/slredirect/picassoRedirect.html/ref=pa_sp_mtf_computers_sr_pg1_1?ie=UTF8&adId=A0846304O38XVYN2Z1MJ&url=%2FDell-9370-13-3-inch-i7-8550U-Integrated%2Fdp%2FB08C5G8J4D%2Fref%3Dsr_1_15_sspa%3Fdchild%3D1%26keywords%3Dlaptop%26qid%3D1611756172%26refinements%3Dp_n_feature_thirteen_browse-bin%253A12598163031%257C16757432031%26rnid%3D12598141031%26s%3Dcomputers%26sr%3D1-15-spons%26psc%3D1&qualifier=1611756178&id=7226174411632796&widgetName=sp_mtf
Dell XPS 9570 15.6-inch FHD Laptop (8th Gen Core i7-8750H/16GB/512 GB SSD/Windows 10 + MS Office/ Nvidia GTX 1050Ti 4GB Graphics/Silver),2.5 out of 5,"₹ 1,27,990.00",https://www.amazon.in/gp/slredirect/picassoRedirect.html/ref=pa_sp_mtf_computers_sr_pg1_1?ie=UTF8&adId=A0846148LHEE34AA6DIZ&url=%2FDell-9570-15-6-inch-Infinity-Gen-Core%2Fdp%2FB07H7RPH5H%2Fref%3Dsr_1_16_sspa%3Fdchild%3D1%26keywords%3Dlaptop%26qid%3D1611756172%26refinements%3Dp_n_feature_thirteen_browse-bin%253A12598163031%257C16757432031%26rnid%3D12598141031%26s%3Dcomputers%26sr%3D1-16-spons%26psc%3D1&qualifier=1611756178&id=7226174411632796&widgetName=sp_mtf
"HP 14 10th Gen Intel Core i7 Ultra Thin and Light FHD Laptop (i7-1065G7/8GB/512GB SSD/Win 10/MS Office 2019/Natural Silver/1.46 Kg), 14s-DR1010TU",3.6 out of 5,"₹ 72,800.00",https://www.amazon.in/HP-Laptop-i7-1065G7-Natural-14s-DR1010TU/dp/B08H2V92WV/ref=sr_1_17?dchild=1&keywords=laptop&qid=1611756172&refinements=p_n_feature_thirteen_browse-bin%3A12598163031%7C16757432031&rnid=12598141031&s=computers&sr=1-17
"(Renewed) Dell Latitude E5570 15-inch Laptop (Core i7 6th Gen/16GB/500 GB HDD/Windows 10/MS Office Pro 2019/AMD Graphics), Black",NA,"₹ 63,499.00",https://www.amazon.in/Renewed-Dell-Latitude-E5570-Graphics/dp/B08S7LQNLG/ref=sr_1_18?dchild=1&keywords=laptop&qid=1611756172&refinements=p_n_feature_thirteen_browse-bin%3A12598163031%7C16757432031&rnid=12598141031&s=computers&sr=1-18
DELL Inspiron 3576 15.6-inch FHD Laptop --8th Gen-Core i7-8550U || 8GB || 2TB HDD || Windows 10 with MS Office || 2GB Graphics || Blue,NA,"₹ 76,499.00",https://www.amazon.in/Inspiron-3576-15-6-inch-Gen-Core-i7-8550U/dp/B07BQYFDCB/ref=sr_1_19?dchild=1&keywords=laptop&qid=1611756172&refinements=p_n_feature_thirteen_browse-bin%3A12598163031%7C16757432031&rnid=12598141031&s=computers&sr=1-19
"(Renewed) HP Hybrid Probook Laptop 430G3 Intel Core i7 - 6500u Processor, 8 GB Ram & 512 GB SSD & 500GB HDD, Win10, 13.3 Inches 1.55 KG Ultralight Computer",NA,"₹ 54,990.00",https://www.amazon.in/Renewed-HP-Hybrid-Probook-Laptop/dp/B08NBZ921X/ref=sr_1_20?dchild=1&keywords=laptop&qid=1611756172&refinements=p_n_feature_thirteen_browse-bin%3A12598163031%7C16757432031&rnid=12598141031&s=computers&sr=1-20
"Lenovo IdeaPad Gaming 3i 10th Gen Intel Core i7 15.6-inch FHD IPS Gaming Laptop (8GB/1TB HDD + 256 GB SSD/Windows 10/NVIDIA GTX 1650 4GB GDDR6/with M100 RGB Gaming Mouse/Onyx Black/2.2Kg), 81Y400VAIN",3.8 out of 5,"₹ 74,990.00",https://www.amazon.in/Lenovo-IdeaPad-15-6-inch-Windows-81Y400VAIN/dp/B08PV48PYW/ref=sr_1_21?dchild=1&keywords=laptop&qid=1611756172&refinements=p_n_feature_thirteen_browse-bin%3A12598163031%7C16757432031&rnid=12598141031&s=computers&sr=1-21
"(Renewed) Dell Latitude E7470 14-inch Laptop (Core i7 6th Gen/16GB/256 GB HDD/Windows 10/MS Office Pro 2019/Intel Graphics), Black",NA,"₹ 54,999.00",https://www.amazon.in/Renewed-Dell-Latitude-14-inch-Graphics/dp/B08RRZJ51J/ref=sr_1_22?dchild=1&keywords=laptop&qid=1611756172&refinements=p_n_feature_thirteen_browse-bin%3A12598163031%7C16757432031&rnid=12598141031&s=computers&sr=1-22
Dell XPS 9570 15.6-inch FHD Laptop (8th Gen Core i7-8750H/16GB/512 GB SSD/Windows 10 + MS Office/ Nvidia GTX 1050Ti 4GB Graphics/Silver),2.5 out of 5,"₹ 1,27,990.00",https://www.amazon.in/Dell-9570-15-6-inch-Infinity-Gen-Core/dp/B07H7RPH5H/ref=sr_1_23?dchild=1&keywords=laptop&qid=1611756172&refinements=p_n_feature_thirteen_browse-bin%3A12598163031%7C16757432031&rnid=12598141031&s=computers&sr=1-23
"(Renewed) HP Probook Laptop 430G3 Intel Core i7 - 6500u Processor, 16 GB Ram & 256 GB SSD, Win10, 13.3 Inches 1.55 KG Ultralight Computer",5 out of 5,"₹ 55,990.00",https://www.amazon.in/Renewed-HP-Probook-Laptop-430G3/dp/B08N57LZ5V/ref=sr_1_24?dchild=1&keywords=laptop&qid=1611756172&refinements=p_n_feature_thirteen_browse-bin%3A12598163031%7C16757432031&rnid=12598141031&s=computers&sr=1-24
"(Renewed) Dell Latitude E7240 12.5-inch Laptop (4th Gen Intel Core i7/8GB/256GB SSD/Windows 10/Integrated Graphics), Black",3.8 out of 5,"₹ 39,998.00",https://www.amazon.in/Dell-Latitude-12-5-inch-Integrated-Graphics/dp/B08DV5H349/ref=sr_1_25?dchild=1&keywords=laptop&qid=1611756172&refinements=p_n_feature_thirteen_browse-bin%3A12598163031%7C16757432031&rnid=12598141031&s=computers&sr=1-25
"ASUS ZenBook 14 (2020) Intel Core i7-1165G7 11th Gen 14-inch FHD Thin and Light Laptop (16GB RAM/512GB NVMe SSD/Windows 10/MS Office 2019/Intel Iris Xᵉ Graphics/Pine Grey/1.17 kg), UX425EA-BM701TS",4.3 out of 5,"₹ 95,590.00",https://www.amazon.in/ASUS-ZenBook-i7-1165G7-Graphics-UX425EA-BM701TS/dp/B08M4SWRR5/ref=sr_1_26?dchild=1&keywords=laptop&qid=1611756172&refinements=p_n_feature_thirteen_browse-bin%3A12598163031%7C16757432031&rnid=12598141031&s=computers&sr=1-26
"ASUS VivoBook Ultra 15 (2020) Intel Core i7-1165G7 11th Gen 15.6-inch FHD Thin and Light Laptop (8GB/512GB NVMe SSD/Integrated Graphics/Windows 10/MS Office 2019/Cobalt Blue/1.8 kg), X513EA-EJ731TS",3.8 out of 5,"₹ 72,500.00",https://www.amazon.in/ASUS-i7-1165G7-15-6-inch-Integrated-X513EA-EJ731TS/dp/B08M4SS38Q/ref=sr_1_27?dchild=1&keywords=laptop&qid=1611756172&refinements=p_n_feature_thirteen_browse-bin%3A12598163031%7C16757432031&rnid=12598141031&s=computers&sr=1-27
"(Renewed) HP Hybrid Probook Laptop 430G3 Intel Core i7 - 6500u Processor, 16 GB Ram & 512 GB SSD & 2TB HDD, Win10, 13.3 Inches 1.55 KG Ultralight Computer",NA,"₹ 63,990.00",https://www.amazon.in/Renewed-HP-Hybrid-Probook-Laptop/dp/B08NC61N4Y/ref=sr_1_28?dchild=1&keywords=laptop&qid=1611756172&refinements=p_n_feature_thirteen_browse-bin%3A12598163031%7C16757432031&rnid=12598141031&s=computers&sr=1-28
Dell Inspiron 7306 11th Gen Core i7 Ultra Slim 13inch UHD 2in1 Laptop (16GB/512GB SSD/ Iris Xe Graphics /Windows 10/ MS Office 19/Active Pen/Element Black) D560371WIN9B,3.5 out of 5,"₹ 1,26,500.00",https://www.amazon.in/gp/slredirect/picassoRedirect.html/ref=pa_sp_btf_computers_sr_pg1_1?ie=UTF8&adId=A06721791BLBOMOC0TK0&url=%2FDell-Inspiron-Graphics-Windows-D560371WIN9B%2Fdp%2FB08QMGVVNK%2Fref%3Dsr_1_29_sspa%3Fdchild%3D1%26keywords%3Dlaptop%26qid%3D1611756172%26refinements%3Dp_n_feature_thirteen_browse-bin%253A12598163031%257C16757432031%26rnid%3D12598141031%26s%3Dcomputers%26sr%3D1-29-spons%26psc%3D1&qualifier=1611756178&id=7226174411632796&widgetName=sp_btf
"(Renewed) HP Hybrid Probook Laptop 430G3 Intel Core i7 - 6500u Processor, 4 GB Ram & 128 GB SSD & 1TB HDD, Win10, 13.3 Inches 1.55 KG Ultralight Computer",NA,"₹ 49,990.00",https://www.amazon.in/gp/slredirect/picassoRedirect.html/ref=pa_sp_btf_computers_sr_pg1_1?ie=UTF8&adId=A0017998O4EAS5UWTYWT&url=%2FRenewed-HP-Hybrid-Probook-Laptop%2Fdp%2FB08NC79KDR%2Fref%3Dsr_1_30_sspa%3Fdchild%3D1%26keywords%3Dlaptop%26qid%3D1611756172%26refinements%3Dp_n_feature_thirteen_browse-bin%253A12598163031%257C16757432031%26rnid%3D12598141031%26s%3Dcomputers%26sr%3D1-30-spons%26psc%3D1&qualifier=1611756178&id=7226174411632796&widgetName=sp_btf
"Dell XPS 9370 13.3-inch UHD Thin & Light Laptop(8th Gen i7-8550U/16GB/512GB SSD/Win 10 + MS Office/Integrated Graphics), Gold",2.8 out of 5,"₹ 1,24,200.00",https://www.amazon.in/gp/slredirect/picassoRedirect.html/ref=pa_sp_atf_next_computers_sr_pg2_1?ie=UTF8&adId=A084599218SVTWCTU2V2F&url=%2FDell-9370-13-3-inch-i7-8550U-Integrated%2Fdp%2FB08C5GHKZX%2Fref%3Dsr_1_25_sspa%3Fdchild%3D1%26keywords%3Dlaptop%26qid%3D1611756178%26refinements%3Dp_n_feature_thirteen_browse-bin%253A12598163031%257C16757432031%26rnid%3D12598141031%26s%3Dcomputers%26sr%3D1-25-spons%26psc%3D1&qualifier=1611756187&id=7686666206096543&widgetName=sp_atf_next
"(Renewed) HP Probook Laptop 430G3 Intel Core i7 - 6500u Processor, 16 GB Ram & 256 GB SSD, Win10, 13.3 Inches 1.55 KG Ultralight Computer",5 out of 5,"₹ 55,990.00",https://www.amazon.in/gp/slredirect/picassoRedirect.html/ref=pa_sp_atf_next_computers_sr_pg2_1?ie=UTF8&adId=A00193461EA6XT5QSEEPC&url=%2FRenewed-HP-Probook-Laptop-430G3%2Fdp%2FB08N57LZ5V%2Fref%3Dsr_1_26_sspa%3Fdchild%3D1%26keywords%3Dlaptop%26qid%3D1611756178%26refinements%3Dp_n_feature_thirteen_browse-bin%253A12598163031%257C16757432031%26rnid%3D12598141031%26s%3Dcomputers%26sr%3D1-26-spons%26psc%3D1&qualifier=1611756187&id=7686666206096543&widgetName=sp_atf_next
"Dell Alienware m15(R3) 15.6-inch FHD Gaming Laptop (10th Gen Core i7-10750H/16GB/512GB SSD/Windows 10 Home & MS Office/6GB NVIDIA GTX 1660 Ti Graphics), Lunar Light",2.7 out of 5,"₹ 1,97,200.00",https://www.amazon.in/Dell-Alienware-m15-R3-15-6-inch/dp/B08BZR715W/ref=sr_1_27?dchild=1&keywords=laptop&qid=1611756178&refinements=p_n_feature_thirteen_browse-bin%3A12598163031%7C16757432031&rnid=12598141031&s=computers&sr=1-27
Dell G3 3500 Gaming Laptop 15.6-inch FHD 120 Hz (10th Gen Core i7-10750H/8GB/512GB SSD/Windows 10 Home Plus & MS Office/NVIDIA1650 Ti Graphics/Eclipse Black) D560260WIN9BE,3.9 out of 5,"₹ 89,990.00",https://www.amazon.in/Dell-15-6-inch-i7-10750H-NVIDIA1650-D560260WIN9BE/dp/B08H9PTSYR/ref=sr_1_28?dchild=1&keywords=laptop&qid=1611756178&refinements=p_n_feature_thirteen_browse-bin%3A12598163031%7C16757432031&rnid=12598141031&s=computers&sr=1-28
"(Renewed) HP Hybrid Probook Laptop 430G3 Intel Core i7 - 6500u Processor, 24 GB Ram & 512 GB SSD & 1TB HDD, Win10, 13.3 Inches 1.55 KG Ultralight Computer",NA,"₹ 68,490.00",https://www.amazon.in/Renewed-HP-Hybrid-Probook-Laptop/dp/B08NCX6L42/ref=sr_1_29?dchild=1&keywords=laptop&qid=1611756178&refinements=p_n_feature_thirteen_browse-bin%3A12598163031%7C16757432031&rnid=12598141031&s=computers&sr=1-29
(Renewed) Dell Inspiron 15 7000 7591 Laptop/Intel 9th Gen Ci7-9750H/15.6inch FHD/512GB SSD/16GB/NVIDIA GeForce GTX 1050 with 3GB GDDR5/Win 10 Home\Integrated HD RGB Camera/,NA,"₹ 1,38,600.00",https://www.amazon.in/Dell-Inspiron-15-7000-Home-Integrated/dp/B08NYXXCF8/ref=sr_1_25?dchild=1&keywords=laptop&qid=1611756178&refinements=p_n_feature_thirteen_browse-bin%3A12598163031%7C16757432031&rnid=12598141031&s=computers&sr=1-25
"Dell XPS 7590 15.6-inch FHD Laptop (9th Gen Core i7-9570H/8GB/512GB SSD/Windows 10 Home + MS Office/4GB NVIDIA GTX 1650 Graphics), Abyss Grey",5 out of 5,"₹ 1,35,490.00",https://www.amazon.in/Dell-7590-15-6-inch-i7-9570H-Graphics/dp/B089QRD5PT/ref=sr_1_26?dchild=1&keywords=laptop&qid=1611756178&refinements=p_n_feature_thirteen_browse-bin%3A12598163031%7C16757432031&rnid=12598141031&s=computers&sr=1-26
"Dell XPS 7590 15.6-inch UHD Display Laptop (9th Gen Core i9-9980HK/32GB/1TB SSD/Win 10 + MS Office/4GB Nvidia Graphics), Abyss Grey",3.5 out of 5,NA,https://www.amazon.in/7590-15-6-inch-i9-9980HK-Windows-Graphics/dp/B07XPFYND4/ref=sr_1_27?dchild=1&keywords=laptop&qid=1611756178&refinements=p_n_feature_thirteen_browse-bin%3A12598163031%7C16757432031&rnid=12598141031&s=computers&sr=1-27
(Renewed) Dell XPS 15 - 9560 Laptop/Intel 7th Gen Ci7-7700HQ/15.6inch FHD/256GB SSD/8GB/NVIDIA GeForce GTX 1050 Graphics with 4GB GDDR5/Win 10 Home/Integrated HD camera with digital array microphone/,NA,"₹ 2,07,500.00",https://www.amazon.in/Renewed-Dell-XPS-15-Ci7-7700HQ/dp/B08NYXMXJQ/ref=sr_1_28?dchild=1&keywords=laptop&qid=1611756178&refinements=p_n_feature_thirteen_browse-bin%3A12598163031%7C16757432031&rnid=12598141031&s=computers&sr=1-28
"(Renewed) HP Probook Laptop 430G3 Intel Core i7 - 6500u Processor, 4 GB Ram & 128 GB SSD, Win10, 13.3 Inches 1.55 KG Ultralight Computer",NA,"₹ 45,990.00",https://www.amazon.in/Renewed-HP-Probook-Laptop-430G3/dp/B08N59R4ZH/ref=sr_1_29?dchild=1&keywords=laptop&qid=1611756178&refinements=p_n_feature_thirteen_browse-bin%3A12598163031%7C16757432031&rnid=12598141031&s=computers&sr=1-29
"Asus Gaming Laptop ROG Strix G17 i7-10750H(16 Gb Ram,1T SSD,17.3 FHD-144hz,GTX1660Ti-6GB,RGB Backlit-4 Zone,WIFI6,WIN10,,Black Plastic),G712LU-EV002T",4.1 out of 5,"₹ 1,30,000.00",https://www.amazon.in/i7-10750H-FHD-144hz-GTX1660Ti-6GB-Backlit-4-G712LU-EV002T/dp/B08H5QBRZ1/ref=sr_1_30?dchild=1&keywords=laptop&qid=1611756178&refinements=p_n_feature_thirteen_browse-bin%3A12598163031%7C16757432031&rnid=12598141031&s=computers&sr=1-30
"(Renewed) HP Hybrid Probook Laptop 430G3 Intel Core i7 - 6500u Processor, 16 GB Ram & 128 GB SSD & 2TB HDD, Win10, 13.3 Inches 1.55 KG Ultralight Computer",NA,"₹ 59,990.00",https://www.amazon.in/Renewed-HP-Hybrid-Probook-Laptop/dp/B08NBZS3X3/ref=sr_1_31?dchild=1&keywords=laptop&qid=1611756178&refinements=p_n_feature_thirteen_browse-bin%3A12598163031%7C16757432031&rnid=12598141031&s=computers&sr=1-31
"(Renewed) HP Hybrid Probook Laptop 430G3 Intel Core i7 - 6500u Processor, 16 GB Ram & 256 GB SSD & 320GB HDD, Win10, 13.3 Inches 1.55 KG Ultralight Computer",NA,"₹ 56,990.00",https://www.amazon.in/Renewed-HP-Hybrid-Probook-Laptop/dp/B08NC76YKN/ref=sr_1_32?dchild=1&keywords=laptop&qid=1611756178&refinements=p_n_feature_thirteen_browse-bin%3A12598163031%7C16757432031&rnid=12598141031&s=computers&sr=1-32
"(Renewed) Lenovo ThinkPad Yoga12 12.5-inch Thin & Light Laptop (Core i7 5th Gen/8 GB/512 GB SSD/Windows 10/MS Office Pro 2019/Integrated Graphics/Dragontrail Glass Display), Black",NA,"₹ 48,999.00",https://www.amazon.in/Lenovo-ThinkPad-12-5-inch-Integrated-Dragontrail/dp/B08S7CMLDB/ref=sr_1_33?dchild=1&keywords=laptop&qid=1611756178&refinements=p_n_feature_thirteen_browse-bin%3A12598163031%7C16757432031&rnid=12598141031&s=computers&sr=1-33
"(Renewed) HP Hybrid Probook Laptop 430G3 Intel Core i7 - 6500u Processor, 8 GB Ram & 128 GB SSD & 320GB HDD, Win10, 13.3 Inches 1.55 KG Ultralight Computer",2 out of 5,"₹ 49,990.00",https://www.amazon.in/gp/slredirect/picassoRedirect.html/ref=pa_sp_mtf_computers_sr_pg2_1?ie=UTF8&adId=A00244622TBHZECQRD0E2&url=%2FRenewed-HP-Hybrid-Probook-Laptop%2Fdp%2FB08NBXNFG1%2Fref%3Dsr_1_34_sspa%3Fdchild%3D1%26keywords%3Dlaptop%26qid%3D1611756178%26refinements%3Dp_n_feature_thirteen_browse-bin%253A12598163031%257C16757432031%26rnid%3D12598141031%26s%3Dcomputers%26sr%3D1-34-spons%26psc%3D1&qualifier=1611756187&id=7686666206096543&widgetName=sp_mtf
"MSI GF63 Thin Core i7 9th Gen - (8 GB/512 GB SSD/Windows 10 Home/4 GB Graphics/NVIDIA Geforce GTX 1650 Max-Q) GF63 Thin 9SCXR-417IN Gaming Laptop (15.6 inch, Black, 1.86 kg)",NA,"₹ 68,990.00",https://www.amazon.in/MSI-GF63-Thin-Core-9th/dp/B08SL26BWT/ref=sr_1_35?dchild=1&keywords=laptop&qid=1611756178&refinements=p_n_feature_thirteen_browse-bin%3A12598163031%7C16757432031&rnid=12598141031&s=computers&sr=1-35
"(Renewed) Dell Latitude E5570 15-inch FHD-Touch Screen Laptop (Core i7 6th Gen/16GB/500GB HDD/Windows 10/MS Office Pro 2019/AMD Graphics), Black",NA,"₹ 65,399.00",https://www.amazon.in/Renewed-Dell-Latitude-FHD-Touch-Graphics/dp/B08LQ21MDH/ref=sr_1_36?dchild=1&keywords=laptop&qid=1611756178&refinements=p_n_feature_thirteen_browse-bin%3A12598163031%7C16757432031&rnid=12598141031&s=computers&sr=1-36
(Renewed) Lenovo ThinkPad High Performance 12.5 inch IPS Panel 1.53 kg Laptop (Core I7 5600U/8 GB(Upto 16GB)/256 GB SSD/Win 10 Pro/Webcam/USB 3.0/SIM/BT/M.2/TPM 2.0 VPro/Integrated Graphics),3.5 out of 5,"₹ 38,699.00",https://www.amazon.in/Lenovo-ThinkPad-Performance-Integrated-Graphics/dp/B08NPZNDCG/ref=sr_1_37?dchild=1&keywords=laptop&qid=1611756178&refinements=p_n_feature_thirteen_browse-bin%3A12598163031%7C16757432031&rnid=12598141031&s=computers&sr=1-37
MSI GF63 9SCXR-417IN 15.6 inch Thin Laptop Core i7 9th Gen - (8 GB/512 GB SSD/Windows 10 Home/4 GB NVIDIA Geforce GTX 1650 Graphics) Gaming Laptop,NA,"₹ 72,000.00",https://www.amazon.in/MSI-GF63-9SCXR-417IN-15-6-Laptop/dp/B086DBK74S/ref=sr_1_38?dchild=1&keywords=laptop&qid=1611756178&refinements=p_n_feature_thirteen_browse-bin%3A12598163031%7C16757432031&rnid=12598141031&s=computers&sr=1-38
"ASUS ZenBook Pro Duo Intel Core i9-10980HK 10th Gen 15.6"" 4K UHD OLED Touchscreen Laptop (32GB RAM/1TB NVMe SSD/Windows 10/6GB NVIDIA GeForce RTX 2060 Graphics/Celestial Blue/2.5 Kg), UX581LV-H2035T",5 out of 5,"₹ 2,68,329.00",https://www.amazon.in/ASUS-i9-10980HK-Touchscreen-Celestial-UX581LV-H2035T/dp/B08CHDLVT1/ref=sr_1_39?dchild=1&keywords=laptop&qid=1611756178&refinements=p_n_feature_thirteen_browse-bin%3A12598163031%7C16757432031&rnid=12598141031&s=computers&sr=1-39
Dell G3 3500 Gaming 15.6inch 120hz FHD Display Laptop (10th Gen i7-10750H / 8 GB / 512 SSD / GTX 1650 4GB / 1Yr Premium Warranty/ Win 10 + MS Office H&S 2019) D560250WIN9BE,3.9 out of 5,"₹ 82,990.00",https://www.amazon.in/Dell-15-6inch-i7-10750H-Warranty-D560250WIN9BE/dp/B08HYPRST4/ref=sr_1_40?dchild=1&keywords=laptop&qid=1611756178&refinements=p_n_feature_thirteen_browse-bin%3A12598163031%7C16757432031&rnid=12598141031&s=computers&sr=1-40
"Acer Nitro 5 Intel Core i7 10750H 15.6"" FHD IPS 144Hz Display Thin and Light Gaming Laptop (8GB Ram/1TB HDD + 256 GB SSD/Windows 10 Home /GTX 1650Ti Graphics/Obisidian Black/2.3 kgs),AN515-55",4 out of 5,"₹ 79,990.00",https://www.amazon.in/Acer-Display-Graphics-Obisidian-AN515-55/dp/B08HQZN76N/ref=sr_1_41?dchild=1&keywords=laptop&qid=1611756178&refinements=p_n_feature_thirteen_browse-bin%3A12598163031%7C16757432031&rnid=12598141031&s=computers&sr=1-41
Dynabook Tecra A40-E-Y2312 Laptops (Intel® Core™ i7 8th Gen/ 8GB/ 512GB SSD/14 FHD/Windows 10 SL/ 1.47Kg) 3 Years Warranty,5 out of 5,"₹ 88,382.00",https://www.amazon.in/Dynabook-Y2312-Laptops-Windows-Warranty/dp/B08L684SF6/ref=sr_1_42?dchild=1&keywords=laptop&qid=1611756178&refinements=p_n_feature_thirteen_browse-bin%3A12598163031%7C16757432031&rnid=12598141031&s=computers&sr=1-42
"Asus ROG Strix G15 (2020) Core i7 10th Gen - (16 GB/512 GB SSD/Windows 10 Home/4 GB Graphics/NVIDIA Geforce GTX 1650 Ti/144 Hz) G512LI-HN057T Gaming Laptop (15.6 inch, Black Plastic, 2.30 kg)",NA,"₹ 1,02,990.00",https://www.amazon.in/Asus-Strix-Core-10th-G512LI-HN057T/dp/B08T1NLF3P/ref=sr_1_43?dchild=1&keywords=laptop&qid=1611756178&refinements=p_n_feature_thirteen_browse-bin%3A12598163031%7C16757432031&rnid=12598141031&s=computers&sr=1-43
"Dell Inspiron 15 5501 10thGen Corei7-10657G7 8GB RAM,512GB SSD,2GB MX330 Graphics,15.6"" Windows 10 +MS Office Laptop",4 out of 5,"₹ 88,990.00",https://www.amazon.in/Dell-Inspiron-10thGen-Corei7-10657G7-Graphics/dp/B08BCRRQGP/ref=sr_1_44?dchild=1&keywords=laptop&qid=1611756178&refinements=p_n_feature_thirteen_browse-bin%3A12598163031%7C16757432031&rnid=12598141031&s=computers&sr=1-44
"ASUS ROG Zephyrus M15 (2020), 15.6"" FHD 240Hz/3ms, Intel Core i7-10750H 10th Gen, RTX 2060 6GB Graphics, Gaming Laptop (16GB/1TB SSD/Office 2019/Windows 10/Black/1.9 Kg), GU502LV-AZ173TS",5 out of 5,"₹ 1,42,990.00",https://www.amazon.in/ASUS-Zephyrus-i7-10750H-RTX-2060-GU502LV-AZ173TS/dp/B08PFD26HJ/ref=sr_1_45?dchild=1&keywords=laptop&qid=1611756178&refinements=p_n_feature_thirteen_browse-bin%3A12598163031%7C16757432031&rnid=12598141031&s=computers&sr=1-45
"(Renewed) HP Hybrid Probook Laptop 430G3 Intel Core i7 - 6500u Processor, 8 GB Ram & 512 GB SSD & 320GB HDD, Win10, 13.3 Inches 1.55 KG Ultralight Computer",NA,"₹ 53,990.00",https://www.amazon.in/Renewed-HP-Hybrid-Probook-Laptop/dp/B08NC137QT/ref=sr_1_46?dchild=1&keywords=laptop&qid=1611756178&refinements=p_n_feature_thirteen_browse-bin%3A12598163031%7C16757432031&rnid=12598141031&s=computers&sr=1-46
"(Renewed) HP Hybrid Probook Laptop 430G3 Intel Core i7 - 6500u Processor, 8 GB Ram & 128 GB SSD & 500GB HDD, Win10, 13.3 Inches 1.55 KG Ultralight Computer",NA,"₹ 50,990.00",https://www.amazon.in/gp/slredirect/picassoRedirect.html/ref=pa_sp_atf_next_computers_sr_pg3_1?ie=UTF8&adId=A00230463CU4IKDIXL488&url=%2FRenewed-HP-Hybrid-Probook-Laptop%2Fdp%2FB08NCJ226Z%2Fref%3Dsr_1_49_sspa%3Fdchild%3D1%26keywords%3Dlaptop%26qid%3D1611756187%26refinements%3Dp_n_feature_thirteen_browse-bin%253A12598163031%257C16757432031%26rnid%3D12598141031%26s%3Dcomputers%26sr%3D1-49-spons%26psc%3D1&qualifier=1611756194&id=6105879805480183&widgetName=sp_atf_next
"(Renewed) HP Probook Laptop 430G3 Intel Core i7 - 6500u Processor, 20 GB Ram & 256 GB SSD, Win10, 13.3 Inches 1.55 KG Ultralight Computer",NA,"₹ 58,990.00",https://www.amazon.in/gp/slredirect/picassoRedirect.html/ref=pa_sp_atf_next_computers_sr_pg3_1?ie=UTF8&adId=A0020462NBPT1VP0FLLL&url=%2FRenewed-HP-Probook-Laptop-430G3%2Fdp%2FB08N58WKDB%2Fref%3Dsr_1_50_sspa%3Fdchild%3D1%26keywords%3Dlaptop%26qid%3D1611756187%26refinements%3Dp_n_feature_thirteen_browse-bin%253A12598163031%257C16757432031%26rnid%3D12598141031%26s%3Dcomputers%26sr%3D1-50-spons%26psc%3D1&qualifier=1611756194&id=6105879805480183&widgetName=sp_atf_next
"(Renewed) HP Hybrid Probook Laptop 430G3 Intel Core i7 - 6500u Processor, 4 GB Ram & 512 GB SSD & 1TB HDD, Win10, 13.3 Inches 1.55 KG Ultralight Computer",NA,"₹ 52,990.00",https://www.amazon.in/Renewed-HP-Hybrid-Probook-Laptop/dp/B08NC3XXVL/ref=sr_1_51?dchild=1&keywords=laptop&qid=1611756187&refinements=p_n_feature_thirteen_browse-bin%3A12598163031%7C16757432031&rnid=12598141031&s=computers&sr=1-51
"(Renewed) HP Probook Laptop 430G3 Intel Core i7 - 6500u Processor, 20 GB Ram & 512 GB SSD, Win10, 13.3 Inches 1.55 KG Ultralight Computer",NA,"₹ 59,990.00",https://www.amazon.in/Renewed-HP-Probook-Laptop-430G3/dp/B08N57KW39/ref=sr_1_52?dchild=1&keywords=laptop&qid=1611756187&refinements=p_n_feature_thirteen_browse-bin%3A12598163031%7C16757432031&rnid=12598141031&s=computers&sr=1-52
"(Renewed) HP Hybrid Probook Laptop 430G3 Intel Core i7 - 6500u Processor, 20 GB Ram & 256 GB SSD & 320GB HDD, Win10, 13.3 Inches 1.55 KG Ultralight Computer",NA,"₹ 59,990.00",https://www.amazon.in/Renewed-HP-Hybrid-Probook-Laptop/dp/B08NCLYVFN/ref=sr_1_53?dchild=1&keywords=laptop&qid=1611756187&refinements=p_n_feature_thirteen_browse-bin%3A12598163031%7C16757432031&rnid=12598141031&s=computers&sr=1-53
"(Renewed) HP Hybrid Probook Laptop 430G3 Intel Core i7 - 6500u Processor, 16 GB Ram & 512 GB SSD & 320GB HDD, Win10, 13.3 Inches 1.55 KG Ultralight Computer",NA,"₹ 59,990.00",https://www.amazon.in/Renewed-HP-Hybrid-Probook-Laptop/dp/B08NCCBHRK/ref=sr_1_49?dchild=1&keywords=laptop&qid=1611756187&refinements=p_n_feature_thirteen_browse-bin%3A12598163031%7C16757432031&rnid=12598141031&s=computers&sr=1-49
"(Renewed) HP Hybrid Probook Laptop 430G3 Intel Core i7 - 6500u Processor, 16 GB Ram & 128 GB SSD & 320GB HDD, Win10, 13.3 Inches 1.55 KG Ultralight Computer",NA,"₹ 55,990.00",https://www.amazon.in/Renewed-HP-Hybrid-Probook-Laptop/dp/B08NBZX5RN/ref=sr_1_50?dchild=1&keywords=laptop&qid=1611756187&refinements=p_n_feature_thirteen_browse-bin%3A12598163031%7C16757432031&rnid=12598141031&s=computers&sr=1-50
"(Renewed) HP Hybrid Probook Laptop 430G3 Intel Core i7 - 6500u Processor, 8 GB Ram & 256 GB SSD & 500GB HDD, Win10, 13.3 Inches 1.55 KG Ultralight Computer",NA,"₹ 51,990.00",https://www.amazon.in/Renewed-HP-Hybrid-Probook-Laptop/dp/B08NC2NZFT/ref=sr_1_51?dchild=1&keywords=laptop&qid=1611756187&refinements=p_n_feature_thirteen_browse-bin%3A12598163031%7C16757432031&rnid=12598141031&s=computers&sr=1-51
"(Renewed) HP Hybrid Probook Laptop 430G3 Intel Core i7 - 6500u Processor, 8 GB Ram & 128 GB SSD & 500GB HDD, Win10, 13.3 Inches 1.55 KG Ultralight Computer",NA,"₹ 50,990.00",https://www.amazon.in/Renewed-HP-Hybrid-Probook-Laptop/dp/B08NCJ226Z/ref=sr_1_52?dchild=1&keywords=laptop&qid=1611756187&refinements=p_n_feature_thirteen_browse-bin%3A12598163031%7C16757432031&rnid=12598141031&s=computers&sr=1-52
"Lenovo Legion 5Pi 10th Gen Intel Core i7 15.6"" FHD Gaming Laptop (16GB/1TB SSD/Windows 10/MS Office 2019/144 Hz/NVIDIA RTX 2060 6GB GDDR6/with M300 RGB Gaming Mouse/Iron Grey/2.3Kg), 82AW005SIN",4.3 out of 5,NA,https://www.amazon.in/Lenovo-Legion-Gaming-Windows-82AW005SIN/dp/B08CQ21154/ref=sr_1_53?dchild=1&keywords=laptop&qid=1611756187&refinements=p_n_feature_thirteen_browse-bin%3A12598163031%7C16757432031&rnid=12598141031&s=computers&sr=1-53
(Renewed) Dell Latitude E7470 14 inch Laptop Core i7 6th Gen/16 GB RAM/512 GB SSD/Windows 10 Pro/MS Office/HD Display/Integrated Graphics),NA,"₹ 55,599.00",https://www.amazon.in/Renewed-Dell-Latitude-Integrated-Graphics/dp/B08MV2BNVB/ref=sr_1_54?dchild=1&keywords=laptop&qid=1611756187&refinements=p_n_feature_thirteen_browse-bin%3A12598163031%7C16757432031&rnid=12598141031&s=computers&sr=1-54
"(Renewed) HP Probook Laptop 430G3 Intel Core i7 - 6500u Processor, 4 GB Ram & 256 GB SSD, Win10, 13.3 Inches 1.55 KG Ultralight Computer",NA,"₹ 47,490.00",https://www.amazon.in/Renewed-HP-Probook-Laptop-430G3/dp/B08N56YJDQ/ref=sr_1_55?dchild=1&keywords=laptop&qid=1611756187&refinements=p_n_feature_thirteen_browse-bin%3A12598163031%7C16757432031&rnid=12598141031&s=computers&sr=1-55
"(Renewed) HP Hybrid Probook Laptop 430G3 Intel Core i7 - 6500u Processor, 8 GB Ram & 256 GB SSD & 1TB HDD, Win10, 13.3 Inches 1.55 KG Ultralight Computer",NA,"₹ 53,990.00",https://www.amazon.in/Renewed-HP-Hybrid-Probook-Laptop/dp/B08NCK67DG/ref=sr_1_56?dchild=1&keywords=laptop&qid=1611756187&refinements=p_n_feature_thirteen_browse-bin%3A12598163031%7C16757432031&rnid=12598141031&s=computers&sr=1-56
"(Renewed) HP Probook Laptop 430G3 Intel Core i7 - 6500u Processor, 8 GB Ram & 512 GB SSD, Win10, 13.3 Inches 1.55 KG Ultralight Computer",NA,"₹ 52,990.00",https://www.amazon.in/Renewed-HP-Probook-Laptop-430G3/dp/B08N57Y9C9/ref=sr_1_57?dchild=1&keywords=laptop&qid=1611756187&refinements=p_n_feature_thirteen_browse-bin%3A12598163031%7C16757432031&rnid=12598141031&s=computers&sr=1-57
(Renewed) Dell Latitude E7470 14 inch Laptop Core i7 6th Gen/8 GB RAM/256 GB SSD/Windows 10 Pro/MS Office/HD Display/Integrated Graphics),NA,"₹ 52,599.00",https://www.amazon.in/Renewed-Dell-Latitude-Integrated-Graphics/dp/B08MV63TGS/ref=sr_1_58?dchild=1&keywords=laptop&qid=1611756187&refinements=p_n_feature_thirteen_browse-bin%3A12598163031%7C16757432031&rnid=12598141031&s=computers&sr=1-58
"(Renewed) Dell Latitude E5570 15-inch FHD-Touch Screen Laptop (Core i7 6th Gen/16GB/512 GB SSD/Windows10/MS Office Pro 2019/AMD Graphics), Black",NA,"₹ 68,699.00",https://www.amazon.in/Dell-Latitude-FHD-Touch-Windows10-Graphics/dp/B08P5TN4S1/ref=sr_1_59?dchild=1&keywords=laptop&qid=1611756187&refinements=p_n_feature_thirteen_browse-bin%3A12598163031%7C16757432031&rnid=12598141031&s=computers&sr=1-59
"(Renewed) HP Hybrid Probook Laptop 430G3 Intel Core i7 - 6500u Processor, 8 GB Ram & 256 GB SSD & 2TB HDD, Win10, 13.3 Inches 1.55 KG Ultralight Computer",NA,"₹ 55,490.00",https://www.amazon.in/Renewed-HP-Hybrid-Probook-Laptop/dp/B08NCBC99F/ref=sr_1_60?dchild=1&keywords=laptop&qid=1611756187&refinements=p_n_feature_thirteen_browse-bin%3A12598163031%7C16757432031&rnid=12598141031&s=computers&sr=1-60
"(Renewed) HP Hybrid Probook Laptop 430G3 Intel Core i7 - 6500u Processor, 4 GB Ram & 256 GB SSD & 1TB HDD, Win10, 13.3 Inches 1.55 KG Ultralight Computer",NA,"₹ 50,990.00",https://www.amazon.in/Renewed-HP-Hybrid-Probook-Laptop/dp/B08NCPLXST/ref=sr_1_61?dchild=1&keywords=laptop&qid=1611756187&refinements=p_n_feature_thirteen_browse-bin%3A12598163031%7C16757432031&rnid=12598141031&s=computers&sr=1-61
"(Renewed) HP Probook Laptop 430G3 Intel Core i7 - 6500u Processor, 16 GB Ram & 128 GB SSD, Win10, 13.3 Inches 1.55 KG Ultralight Computer",NA,"₹ 54,990.00",https://www.amazon.in/Renewed-HP-Probook-Laptop-430G3/dp/B08N5938LT/ref=sr_1_62?dchild=1&keywords=laptop&qid=1611756187&refinements=p_n_feature_thirteen_browse-bin%3A12598163031%7C16757432031&rnid=12598141031&s=computers&sr=1-62
"(Renewed) HP Hybrid Probook Laptop 430G3 Intel Core i7 - 6500u Processor, 8 GB Ram & 128 GB SSD & 1TB HDD, Win10, 13.3 Inches 1.55 KG Ultralight Computer",NA,"₹ 52,990.00",https://www.amazon.in/Renewed-HP-Hybrid-Probook-Laptop/dp/B08NC2BQBX/ref=sr_1_63?dchild=1&keywords=laptop&qid=1611756187&refinements=p_n_feature_thirteen_browse-bin%3A12598163031%7C16757432031&rnid=12598141031&s=computers&sr=1-63
"Microsoft Laptop 2 1769 13.5-inch Laptop (Intel Core i7/8GB/256GB SSD/Windows 10 Home/Integrated Graphics), Platinum",NA,"₹ 1,12,694.00",https://www.amazon.in/Microsoft-1769-13-5-inch-Integrated-Graphics/dp/B08BD3KS76/ref=sr_1_64?dchild=1&keywords=laptop&qid=1611756187&refinements=p_n_feature_thirteen_browse-bin%3A12598163031%7C16757432031&rnid=12598141031&s=computers&sr=1-64
"(Renewed) Dell XPS 9570 15.6-inch FHD Laptop (8th Gen i7-8750H/8GB/256GB SSD/Win 10 Pro/Integrated Graphics), Silver",NA,"₹ 74,181.00",https://www.amazon.in/Dell-15-6-inch-i7-8750H-Integrated-Graphics/dp/B08SKJQTMR/ref=sr_1_65?dchild=1&keywords=laptop&qid=1611756187&refinements=p_n_feature_thirteen_browse-bin%3A12598163031%7C16757432031&rnid=12598141031&s=computers&sr=1-65
"Acer Predator Triton 300 PT315-51 2019 15.6-inch Gaming Laptop (9th Gen Core i7 9750H/16GB/1TB HDD + 256GB SSD/Windows 10 Home/4GB NVIDIA GeForce GTX 1650 Graphics), Abyssal Black",3.3 out of 5,"₹ 93,990.00",https://www.amazon.in/Acer-Predator-PT315-51-15-6-inch-Graphics/dp/B0888TLS9L/ref=sr_1_66?dchild=1&keywords=laptop&qid=1611756187&refinements=p_n_feature_thirteen_browse-bin%3A12598163031%7C16757432031&rnid=12598141031&s=computers&sr=1-66
"ASUS ROG Zephyrus S15 (2020), 15.6"" FHD 300Hz/3ms, Intel Core i7-10750H 10th Gen, RTX 2070 SUPER 8GB Graphics, Gaming Laptop (32GB/1TB RAID 0 SSD/Office 2019/Windows 10/Black/1.9 Kg), GX502LWS-HF109TS",3 out of 5,"₹ 2,09,990.00",https://www.amazon.in/ASUS-Zephyrus-i7-10750H-RTX-2070-SUPER-GX502LWS-HF109TS/dp/B08PF8Y96X/ref=sr_1_67?dchild=1&keywords=laptop&qid=1611756187&refinements=p_n_feature_thirteen_browse-bin%3A12598163031%7C16757432031&rnid=12598141031&s=computers&sr=1-67
"HP Pavilion x360 Core i7 8th Gen 14-inch Touchscreen 2-in-1 FHD Thin and Light Laptop (16GB/512GB SSD/Windows 10/MS Office/2GB Graphics/Mineral Silver/1.59 kg), 14- dh0045TX",4.1 out of 5,"₹ 85,990.00",https://www.amazon.in/HP-Pavilion-dh0045TX-i7-8565U-Graphics/dp/B07NMSWFS4/ref=sr_1_68?dchild=1&keywords=laptop&qid=1611756187&refinements=p_n_feature_thirteen_browse-bin%3A12598163031%7C16757432031&rnid=12598141031&s=computers&sr=1-68
"DELL Inspiron 5584 15.6-inch Laptop (8th Gen Core i7-8565U/8GB/1TB HDD + 512GB SSD/Windows 10 Home/2GB NVIDIA Graphics), Silver",2.6 out of 5,"₹ 84,000.00",https://www.amazon.in/Inspiron-5584-15-6-inch-i7-8565U-Graphics/dp/B07XZHSXF9/ref=sr_1_69?dchild=1&keywords=laptop&qid=1611756187&refinements=p_n_feature_thirteen_browse-bin%3A12598163031%7C16757432031&rnid=12598141031&s=computers&sr=1-69
"(Renewed) HP Hybrid Probook Laptop 430G3 Intel Core i7 - 6500u Processor, 20 GB Ram & 256 GB SSD & 2TB HDD, Win10, 13.3 Inches 1.55 KG Ultralight Computer",NA,"₹ 64,490.00",https://www.amazon.in/gp/slredirect/picassoRedirect.html/ref=pa_sp_atf_next_computers_sr_pg4_1?ie=UTF8&adId=A00234462H8AFX8XAU4G9&url=%2FRenewed-HP-Hybrid-Probook-Laptop%2Fdp%2FB08NCBWDZK%2Fref%3Dsr_1_73_sspa%3Fdchild%3D1%26keywords%3Dlaptop%26qid%3D1611756194%26refinements%3Dp_n_feature_thirteen_browse-bin%253A12598163031%257C16757432031%26rnid%3D12598141031%26s%3Dcomputers%26sr%3D1-73-spons%26psc%3D1&qualifier=1611756202&id=7377273685465665&widgetName=sp_atf_next
"(Renewed) HP Probook Laptop 430G3 Intel Core i7 - 6500u Processor, 8 GB Ram & 128 GB SSD, Win10, 13.3 Inches 1.55 KG Ultralight Computer",NA,"₹ 48,990.00",https://www.amazon.in/gp/slredirect/picassoRedirect.html/ref=pa_sp_atf_next_computers_sr_pg4_1?ie=UTF8&adId=A00197821O8V32FRSICBY&url=%2FRenewed-HP-Probook-Laptop-430G3%2Fdp%2FB08N59WJX4%2Fref%3Dsr_1_74_sspa%3Fdchild%3D1%26keywords%3Dlaptop%26qid%3D1611756194%26refinements%3Dp_n_feature_thirteen_browse-bin%253A12598163031%257C16757432031%26rnid%3D12598141031%26s%3Dcomputers%26sr%3D1-74-spons%26psc%3D1&qualifier=1611756202&id=7377273685465665&widgetName=sp_atf_next
"(Renewed) HP Hybrid Probook Laptop 430G3 Intel Core i7 - 6500u Processor, 16 GB Ram & 128 GB SSD & 500GB HDD, Win10, 13.3 Inches 1.55 KG Ultralight Computer",NA,"₹ 56,990.00",https://www.amazon.in/Renewed-HP-Hybrid-Probook-Laptop/dp/B08NC4RGTC/ref=sr_1_75?dchild=1&keywords=laptop&qid=1611756194&refinements=p_n_feature_thirteen_browse-bin%3A12598163031%7C16757432031&rnid=12598141031&s=computers&sr=1-75
"ASUS TUF Gaming F15 Laptop 15.6"" FHD 144Hz Intel Core i7 10th Gen, GeForce GTX 1650Ti 4GB Graphics (8GB RAM/512GB NVMe SSD/Windows 10/Fortress Gray/2.30 Kg), FX566LI-HN028T + Xbox Game Pass for PC",4.2 out of 5,"₹ 75,990.00",https://www.amazon.in/ASUS-GeForce-Graphics-Fortress-FX566LI-HN028T/dp/B08CY63TY8/ref=sr_1_76?dchild=1&keywords=laptop&qid=1611756194&refinements=p_n_feature_thirteen_browse-bin%3A12598163031%7C16757432031&rnid=12598141031&s=computers&sr=1-76
"AGB Octev AG-1208 15.6"" Laptop(7th Generation Intel Core i7-7500U /32GB RAM / 512GB SSD/ 1TB HDD / Win 10 Pro / Aluminium Body / Free Bluetooth Mouse",2.7 out of 5,"₹ 92,999.00",https://www.amazon.in/AGB-AG-1208-Laptop-Generation-i7-7500U/dp/B0769VG5XN/ref=sr_1_77?dchild=1&keywords=laptop&qid=1611756194&refinements=p_n_feature_thirteen_browse-bin%3A12598163031%7C16757432031&rnid=12598141031&s=computers&sr=1-77
"(Renewed) HP Hybrid Probook Laptop 430G3 Intel Core i7 - 6500u Processor, 32 GB Ram & 512 GB SSD & 320GB HDD, Win10, 13.3 Inches 1.55 KG Ultralight Computer",NA,"₹ 71,990.00",https://www.amazon.in/gp/slredirect/picassoRedirect.html/ref=pa_sp_atf_next_computers_sr_pg5_1?ie=UTF8&adId=A0017162PHJJWAWJG2ST&url=%2FRenewed-HP-Hybrid-Probook-Laptop%2Fdp%2FB08NC1LPR8%2Fref%3Dsr_1_97_sspa%3Fdchild%3D1%26keywords%3Dlaptop%26qid%3D1611756202%26refinements%3Dp_n_feature_thirteen_browse-bin%253A12598163031%257C16757432031%26rnid%3D12598141031%26s%3Dcomputers%26sr%3D1-97-spons%26psc%3D1&qualifier=1611756208&id=3489413678402635&widgetName=sp_atf_next
"(Renewed) HP Probook Laptop 430G3 Intel Core i7 - 6500u Processor, 32 GB Ram & 512 GB SSD, Win10, 13.3 Inches 1.55 KG Ultralight Computer",NA,"₹ 70,990.00",https://www.amazon.in/gp/slredirect/picassoRedirect.html/ref=pa_sp_atf_next_computers_sr_pg5_1?ie=UTF8&adId=A0020362MQDWL4FK8BZE&url=%2FRenewed-HP-Probook-Laptop-430G3%2Fdp%2FB08N57GVBP%2Fref%3Dsr_1_98_sspa%3Fdchild%3D1%26keywords%3Dlaptop%26qid%3D1611756202%26refinements%3Dp_n_feature_thirteen_browse-bin%253A12598163031%257C16757432031%26rnid%3D12598141031%26s%3Dcomputers%26sr%3D1-98-spons%26psc%3D1&qualifier=1611756208&id=3489413678402635&widgetName=sp_atf_next
GL65 Leopard 10SDK-069IN Intel Core i7-10750H 10th Gen 15.6-inch 144Hz Laptop(16GB/256GB NVMe SSD + 1TB HDD /Windows 10 Home/Nvidia GeForce GTX 1660Ti 6GB GDDR6/Black/2.3Kg ) 9S7-16U722-069,2.4 out of 5,"₹ 1,18,470.00",https://www.amazon.in/GL65-Leopard-10SDK-069IN-i7-10750H-9S7-16U722-069/dp/B089GYJ5L7/ref=sr_1_99?dchild=1&keywords=laptop&qid=1611756202&refinements=p_n_feature_thirteen_browse-bin%3A12598163031%7C16757432031&rnid=12598141031&s=computers&sr=1-99
"(Renewed) HP Probook Laptop 430G3 Intel Core i7 - 6500u Processor, 16 GB Ram & 512 GB SSD, Win10, 13.3 Inches 1.55 KG Ultralight Computer",NA,"₹ 58,990.00",https://www.amazon.in/Renewed-HP-Probook-Laptop-430G3/dp/B08N57P4MF/ref=sr_1_100?dchild=1&keywords=laptop&qid=1611756202&refinements=p_n_feature_thirteen_browse-bin%3A12598163031%7C16757432031&rnid=12598141031&s=computers&sr=1-100
"(Renewed) HP Probook Laptop 430G3 Intel Core i7 - 6500u Processor, 20 GB Ram & 128 GB SSD, Win10, 13.3 Inches 1.55 KG Ultralight Computer",NA,"₹ 57,990.00",https://www.amazon.in/Renewed-HP-Probook-Laptop-430G3/dp/B08N56ZFTN/ref=sr_1_101?dchild=1&keywords=laptop&qid=1611756202&refinements=p_n_feature_thirteen_browse-bin%3A12598163031%7C16757432031&rnid=12598141031&s=computers&sr=1-101
"ASUS ROG Zephyrus S17 (2020), 17.3"" FHD 300Hz/3ms, Intel Core i7-10750H 10th Gen, RTX 2060 GDDR6 6GB Graphics, Gaming Laptop (16GB RAM/1TB SSD/Office 2019/Windows 10/Black/2.6 Kg), GX701LV-HG056TS",NA,"₹ 1,69,990.00",https://www.amazon.in/ASUS-Zephyrus-i7-10750H-RTX-2060-GX701LV-HG056TS/dp/B08PFB94HC/ref=sr_1_97?dchild=1&keywords=laptop&qid=1611756202&refinements=p_n_feature_thirteen_browse-bin%3A12598163031%7C16757432031&rnid=12598141031&s=computers&sr=1-97
"(Renewed) HP Probook Laptop 430G3 Intel Core i7 - 6500u Processor, 24 GB Ram & 128 GB SSD, Win10, 13.3 Inches 1.55 KG Ultralight Computer",NA,"₹ 60,990.00",https://www.amazon.in/Renewed-HP-Probook-Laptop-430G3/dp/B08N598VQH/ref=sr_1_98?dchild=1&keywords=laptop&qid=1611756202&refinements=p_n_feature_thirteen_browse-bin%3A12598163031%7C16757432031&rnid=12598141031&s=computers&sr=1-98
"ASUS VivoBook S S14 Intel Core i7-1165G7 11th Gen 14-inch FHD Thin and Light Laptop (8GB RAM/512GB SSD + 32GB Optane Memory/Windows 10/Office 2019/Iris Xᵉ Graphics/Dreamy White/1.4 Kg), S433EA-AM702TS",3.9 out of 5,"₹ 98,990.00",https://www.amazon.in/ASUS-VivoBook-i7-1165G7-Graphics-S433EA-AM702TS/dp/B08SN9GJXH/ref=sr_1_99?dchild=1&keywords=laptop&qid=1611756202&refinements=p_n_feature_thirteen_browse-bin%3A12598163031%7C16757432031&rnid=12598141031&s=computers&sr=1-99
"(Renewed) HP Hybrid Probook Laptop 430G3 Intel Core i7 - 6500u Processor, 4 GB Ram & 512 GB SSD & 500GB HDD, Win10, 13.3 Inches 1.55 KG Ultralight Computer",NA,"₹ 51,990.00",https://www.amazon.in/Renewed-HP-Hybrid-Probook-Laptop/dp/B08NC6RHNQ/ref=sr_1_100?dchild=1&keywords=laptop&qid=1611756202&refinements=p_n_feature_thirteen_browse-bin%3A12598163031%7C16757432031&rnid=12598141031&s=computers&sr=1-100
"(Renewed) HP Hybrid Probook Laptop 430G3 Intel Core i7 - 6500u Processor, 4 GB Ram & 256 GB SSD & 320GB HDD, Win10, 13.3 Inches 1.55 KG Ultralight Computer",NA,"₹ 48,490.00",https://www.amazon.in/Renewed-HP-Hybrid-Probook-Laptop/dp/B08NCJ226X/ref=sr_1_101?dchild=1&keywords=laptop&qid=1611756202&refinements=p_n_feature_thirteen_browse-bin%3A12598163031%7C16757432031&rnid=12598141031&s=computers&sr=1-101
"(Renewed) HP Hybrid Probook Laptop 430G3 Intel Core i7 - 6500u Processor, 24 GB Ram & 512 GB SSD & 2TB HDD, Win10, 13.3 Inches 1.55 KG Ultralight Computer",NA,"₹ 69,990.00",https://www.amazon.in/Renewed-HP-Hybrid-Probook-Laptop/dp/B08NCKWWMV/ref=sr_1_102?dchild=1&keywords=laptop&qid=1611756202&refinements=p_n_feature_thirteen_browse-bin%3A12598163031%7C16757432031&rnid=12598141031&s=computers&sr=1-102
(Renewed) Dell Latitude E7470 14 inch Laptop Core i7 6th Gen/8 GB RAM/512 GB SSD/Windows 10 Pro/MS Office/HD Display/Integrated Graphics),NA,"₹ 53,699.00",https://www.amazon.in/Renewed-Dell-Latitude-Integrated-Graphics/dp/B08MV1NJ2Y/ref=sr_1_103?dchild=1&keywords=laptop&qid=1611756202&refinements=p_n_feature_thirteen_browse-bin%3A12598163031%7C16757432031&rnid=12598141031&s=computers&sr=1-103
