Brand,Product_description,price,discount_percentage,Link
French Connection ,Sneakers For Men  (Grey),"₹2,058",48% off,https://www.flipkart.com/french-connection-sneakers-men/p/itm716d13e1a2815?pid=SHOFGEQ8HYHEFHWG&lid=LSTSHOFGEQ8HYHEFHWGUVZ0JV&marketplace=FLIPKART&srno=s_1_1&otracker=search&otracker1=search&fm=organic&iid=en_U5%2F4Ug3GlLfobhCKAKFijlaiqc0HKMwn%2FJADbVYAKLt0ArHP5TqlihTn%2B9xOA5dTroSMSfBUJnBm3j%2BP07ckxw%3D%3D&ssid=wxrejuii7k0000001611754411591&qH=a1743c0d39461290
Marc Ecko ,Sneakers For Men  (Grey),"₹1,049",52% off,https://www.flipkart.com/marc-ecko-sneakers-men/p/itm3f7e94ff2b755?pid=SHOFJY3BH9869E53&lid=LSTSHOFJY3BH9869E53L6EBCC&marketplace=FLIPKART&srno=s_1_2&otracker=search&otracker1=search&fm=organic&iid=en_U5%2F4Ug3GlLfobhCKAKFijlaiqc0HKMwn%2FJADbVYAKLu7JTKcZIKRA%2FmOObgcu0zvIZvSfEnXtTe02MEzlPKL%2Fw%3D%3D&ssid=wxrejuii7k0000001611754411591&qH=a1743c0d39461290
Chevit ,Combo Pack of 4 Casual Sneakers With Sneakers For Men  (Multicolor),₹499,75% off,https://www.flipkart.com/chevit-combo-pack-4-casual-sneakers-men/p/itmfg2ybzgeygd6t?pid=SHOFGY97JGZTBRHY&lid=LSTSHOFGY97JGZTBRHYNP5E5F&marketplace=FLIPKART&srno=s_1_3&otracker=search&otracker1=search&fm=organic&iid=4d28acce-a760-41bc-b3f0-3a581f86265f.SHOFGY97JGZTBRHY.SEARCH&ssid=wxrejuii7k0000001611754411591&qH=a1743c0d39461290
Robbie jones ,Casual Sneakers Shoes For Men Sneakers For Men  (White),₹399,60% off,https://www.flipkart.com/robbie-jones-casual-sneakers-shoes-men/p/itm5ee18096b212e?pid=SHOFVJG9EFVZTH9C&lid=LSTSHOFVJG9EFVZTH9CQIZLCU&marketplace=FLIPKART&srno=s_1_4&otracker=search&otracker1=search&fm=organic&iid=4d28acce-a760-41bc-b3f0-3a581f86265f.SHOFVJG9EFVZTH9C.SEARCH&ssid=wxrejuii7k0000001611754411591&qH=a1743c0d39461290
World Wear Footwear ,Combo Pack of 4 Latest Collection Stylish Casual Loafer Sneakers Shoes Sneakers For Men  (Multicolor),₹499,75% off,https://www.flipkart.com/world-wear-footwear-combo-pack-4-latest-collection-stylish-casual-loafer-sneakers-shoes-men/p/itm4d7438636eeaa?pid=SHOFZYY2HTUKFGCB&lid=LSTSHOFZYY2HTUKFGCBMWD0RN&marketplace=FLIPKART&srno=s_1_5&otracker=search&otracker1=search&fm=organic&iid=4d28acce-a760-41bc-b3f0-3a581f86265f.SHOFZYY2HTUKFGCB.SEARCH&ssid=wxrejuii7k0000001611754411591&qH=a1743c0d39461290
Chevit ,171 Smart Tan Lace-Ups Casuals for Men Sneakers For Men  (Tan),₹236,52% off,https://www.flipkart.com/chevit-171-smart-tan-lace-ups-casuals-men-sneakers/p/itm388814db0265d?pid=SHOFZD3ZBEQMFH9S&lid=LSTSHOFZD3ZBEQMFH9SVQQRA3&marketplace=FLIPKART&srno=s_1_6&otracker=search&otracker1=search&fm=organic&iid=4d28acce-a760-41bc-b3f0-3a581f86265f.SHOFZD3ZBEQMFH9S.SEARCH&ssid=wxrejuii7k0000001611754411591&qH=a1743c0d39461290
BRUTON ,Combo Pack Of 4 Canvas Sneakers For Men  (Multicolor),₹499,85% off,https://www.flipkart.com/bruton-combo-pack-4-canvas-sneakers-men/p/itmc6896607b3f0f?pid=SHOFUXXZZEU8Z3E6&lid=LSTSHOFUXXZZEU8Z3E68COZPZ&marketplace=FLIPKART&srno=s_1_7&otracker=search&otracker1=search&fm=organic&iid=4d28acce-a760-41bc-b3f0-3a581f86265f.SHOFUXXZZEU8Z3E6.SEARCH&ssid=wxrejuii7k0000001611754411591&qH=a1743c0d39461290
Stefano Rads ,Classy Sneakers For Men  (Blue),₹289,58% off,https://www.flipkart.com/stefano-rads-classy-sneakers-men/p/itmf3xvz7y5zngns?pid=SHOERAYW83HKH9FX&lid=LSTSHOERAYW83HKH9FX0GODGZ&marketplace=FLIPKART&srno=s_1_8&otracker=search&otracker1=search&fm=organic&iid=4d28acce-a760-41bc-b3f0-3a581f86265f.SHOERAYW83HKH9FX.SEARCH&ssid=wxrejuii7k0000001611754411591&qH=a1743c0d39461290
Oricum ,Combo pack of 2 casual sneaker shoes for men Sneakers For Men  (Multicolor),₹398,60% off,https://www.flipkart.com/oricum-combo-pack-2-casual-sneaker-shoes-men-sneakers/p/itma5aedefdee8eb?pid=SHOFQ4KHZZTYGGHX&lid=LSTSHOFQ4KHZZTYGGHXGIBZSF&marketplace=FLIPKART&srno=s_1_9&otracker=search&otracker1=search&fm=organic&iid=4d28acce-a760-41bc-b3f0-3a581f86265f.SHOFQ4KHZZTYGGHX.SEARCH&ssid=wxrejuii7k0000001611754411591&qH=a1743c0d39461290
Shoes Bank ,White Sneaker For Men's/Boy's Sneakers For Men  (White),₹349,65% off,https://www.flipkart.com/shoes-bank-white-sneaker-men-s-boy-s-sneakers-men/p/itmf9p2zdypz2jyt?pid=SHOF9Z76CZH9CXE8&lid=LSTSHOF9Z76CZH9CXE8VEXKFM&marketplace=FLIPKART&srno=s_1_10&otracker=search&otracker1=search&fm=organic&iid=4d28acce-a760-41bc-b3f0-3a581f86265f.SHOF9Z76CZH9CXE8.SEARCH&ssid=wxrejuii7k0000001611754411591&qH=a1743c0d39461290
LeatherKraft ,Sneakers For Men  (Black),₹284,71% off,https://www.flipkart.com/leatherkraft-sneakers-men/p/itm5703a73cbb2ab?pid=SHOFVYGF2PSMS97B&lid=LSTSHOFVYGF2PSMS97BYW6AWZ&marketplace=FLIPKART&spotlightTagId=TrendingId_osp%2Fcil%2Fe1f&srno=s_1_11&otracker=search&otracker1=search&fm=organic&iid=4d28acce-a760-41bc-b3f0-3a581f86265f.SHOFVYGF2PSMS97B.SEARCH&ssid=wxrejuii7k0000001611754411591&qH=a1743c0d39461290
Hotstyle ,Sneakers For Men  (Red),₹205,58% off,https://www.flipkart.com/hotstyle-sneakers-men/p/itmfbwkjycr7hnwv?pid=SHOFBV6YYFZZUDA4&lid=LSTSHOFBV6YYFZZUDA4FIFE2L&marketplace=FLIPKART&srno=s_1_12&otracker=search&otracker1=search&fm=organic&iid=4d28acce-a760-41bc-b3f0-3a581f86265f.SHOFBV6YYFZZUDA4.SEARCH&ssid=wxrejuii7k0000001611754411591&qH=a1743c0d39461290
Chevit ,Smart Casuals Canvas Shoes Combo pack of 2 Sneakers For Men  (Multicolor),₹299,70% off,https://www.flipkart.com/chevit-smart-casuals-canvas-shoes-combo-pack-2-sneakers-men/p/itm34f5fdc69a149?pid=SHOFZWYJY2XWTCHN&lid=LSTSHOFZWYJY2XWTCHNCA9CZZ&marketplace=FLIPKART&srno=s_1_13&otracker=search&otracker1=search&fm=organic&iid=4d28acce-a760-41bc-b3f0-3a581f86265f.SHOFZWYJY2XWTCHN.SEARCH&ssid=wxrejuii7k0000001611754411591&qH=a1743c0d39461290
layasa ,"Walking shoes,Casual Sneakers For Men  (Green)",₹378,62% off,https://www.flipkart.com/layasa-walking-shoes-casual-sneakers-men/p/itmd9bac97d76b9b?pid=SHOFT6WUHZTSTA4G&lid=LSTSHOFT6WUHZTSTA4GF5S9CR&marketplace=FLIPKART&srno=s_1_14&otracker=search&otracker1=search&fm=organic&iid=en_U5%2F4Ug3GlLfobhCKAKFijlaiqc0HKMwn%2FJADbVYAKLtRzYOnjvZVZzSf6W6jTllmD3ygcf3Wj5UMZOvGAVOFrA%3D%3D&ssid=wxrejuii7k0000001611754411591&qH=a1743c0d39461290
Chevit ,170 Smart Grey Lace-Ups Casuals for Men Sneakers For Men  (Grey),₹236,52% off,https://www.flipkart.com/chevit-170-smart-grey-lace-ups-casuals-men-sneakers/p/itm043eca6a9ed89?pid=SHOFZD4JSWKZGBF5&lid=LSTSHOFZD4JSWKZGBF5DFQTST&marketplace=FLIPKART&srno=s_1_15&otracker=search&otracker1=search&fm=organic&iid=4d28acce-a760-41bc-b3f0-3a581f86265f.SHOFZD4JSWKZGBF5.SEARCH&ssid=wxrejuii7k0000001611754411591&qH=a1743c0d39461290
Chevit ,"Lightweight Combo Pack of 02 Trendy Sneakers Casuals For Men's (Red, Yellow) Sneakers For Men  (Red, Yellow)",₹570,42% off,https://www.flipkart.com/chevit-lightweight-combo-pack-02-trendy-sneakers-casuals-men-s-red-yellow-men/p/itm95c046a0abf45?pid=SHOFU8FEYKHEQPP2&lid=LSTSHOFU8FEYKHEQPP2COCV4N&marketplace=FLIPKART&srno=s_1_16&otracker=search&otracker1=search&fm=organic&iid=4d28acce-a760-41bc-b3f0-3a581f86265f.SHOFU8FEYKHEQPP2.SEARCH&ssid=wxrejuii7k0000001611754411591&qH=a1743c0d39461290
Restinfoot ,"Casual shoes,Sneakers for men's,shoes for men's Sneakers For Men  (Grey)",₹389,61% off,https://www.flipkart.com/restinfoot-casual-shoes-sneakers-men-s-shoes-men-s-sneakers-men/p/itmfeuvtqzmpswx7?pid=SHOFEUP9BHCGGXHZ&lid=LSTSHOFEUP9BHCGGXHZ6YCK87&marketplace=FLIPKART&srno=s_1_17&otracker=search&otracker1=search&fm=organic&iid=4d28acce-a760-41bc-b3f0-3a581f86265f.SHOFEUP9BHCGGXHZ.SEARCH&ssid=wxrejuii7k0000001611754411591&qH=a1743c0d39461290
Chevit ,"168 Smart Red Lace-Ups Casuals for Men Sneakers For Men  (Red, Black)",₹236,52% off,https://www.flipkart.com/chevit-168-smart-red-lace-ups-casuals-men-sneakers/p/itm5c134759c0c78?pid=SHOFZD8F3XGYZWSB&lid=LSTSHOFZD8F3XGYZWSBICFOES&marketplace=FLIPKART&srno=s_1_18&otracker=search&otracker1=search&fm=organic&iid=4d28acce-a760-41bc-b3f0-3a581f86265f.SHOFZD8F3XGYZWSB.SEARCH&ssid=wxrejuii7k0000001611754411591&qH=a1743c0d39461290
Armado ,shoes For Mens Combo(AR)-1660-1566 ( Multicolor-Pack of 2) Sneakers For Men  (Multicolor),₹498,50% off,https://www.flipkart.com/armado-shoes-mens-combo-ar-1660-1566-multicolor-pack-2-sneakers-men/p/itmf1613e19ab44e?pid=SHOFYC6GXBYHPZ7M&lid=LSTSHOFYC6GXBYHPZ7MJWJOAY&marketplace=FLIPKART&srno=s_1_19&otracker=search&otracker1=search&fm=organic&iid=4d28acce-a760-41bc-b3f0-3a581f86265f.SHOFYC6GXBYHPZ7M.SEARCH&ssid=wxrejuii7k0000001611754411591&qH=a1743c0d39461290
French Connection ,"Sneakers For Men  (Navy, White)",₹849,57% off,https://www.flipkart.com/french-connection-sneakers-men/p/itmfeqdgzfrasm6v?pid=SHOFE6AU3UHWKZGW&lid=LSTSHOFE6AU3UHWKZGWB1ZCBC&marketplace=FLIPKART&srno=s_1_20&otracker=search&otracker1=search&fm=organic&iid=en_U5%2F4Ug3GlLfobhCKAKFijlaiqc0HKMwn%2FJADbVYAKLuyDtPR9ZvloqNQEVZ93OyjkVsaAOP0QG9UKvG4VN%2B12w%3D%3D&ssid=wxrejuii7k0000001611754411591&qH=a1743c0d39461290
TR ,Sneakers For Men  (White),₹329,67% off,https://www.flipkart.com/tr-sneakers-men/p/itmfhegftdjf3cqt?pid=SHOFHEGHFJVGZ4MY&lid=LSTSHOFHEGHFJVGZ4MYFXPB1Q&marketplace=FLIPKART&srno=s_1_21&otracker=search&otracker1=search&fm=organic&iid=4d28acce-a760-41bc-b3f0-3a581f86265f.SHOFHEGHFJVGZ4MY.SEARCH&ssid=wxrejuii7k0000001611754411591&qH=a1743c0d39461290
Red Rose ,Sneakers For Men  (Blue),₹379,62% off,https://www.flipkart.com/red-rose-sneakers-men/p/itmfhp7pq4earagj?pid=SHOFHP3PW4UCG8NB&lid=LSTSHOFHP3PW4UCG8NBTDT7PE&marketplace=FLIPKART&srno=s_1_22&otracker=search&otracker1=search&fm=organic&iid=4d28acce-a760-41bc-b3f0-3a581f86265f.SHOFHP3PW4UCG8NB.SEARCH&ssid=wxrejuii7k0000001611754411591&qH=a1743c0d39461290
Rockfield ,Sneakers For Men  (White),₹379,62% off,https://www.flipkart.com/rockfield-sneakers-men/p/itm2b9ef0a76236b?pid=SHOFVTURVVNXRCGD&lid=LSTSHOFVTURVVNXRCGD5PK34N&marketplace=FLIPKART&srno=s_1_23&otracker=search&otracker1=search&fm=organic&iid=4d28acce-a760-41bc-b3f0-3a581f86265f.SHOFVTURVVNXRCGD.SEARCH&ssid=wxrejuii7k0000001611754411591&qH=a1743c0d39461290
Ducati ,Sneakers For Men  (Grey),"₹1,299",64% off,https://www.flipkart.com/ducati-sneakers-men/p/itm94303e5e2004f?pid=SHOFGNGHREUWAZDB&lid=LSTSHOFGNGHREUWAZDBQXHPHH&marketplace=FLIPKART&srno=s_1_24&otracker=search&otracker1=search&fm=organic&iid=en_U5%2F4Ug3GlLfobhCKAKFijlaiqc0HKMwn%2FJADbVYAKLv6BMP1Ohb63GI1KuM3GIqYpoFT4JQ%2FC6d6ls1JMB0lAQ%3D%3D&ssid=wxrejuii7k0000001611754411591&qH=a1743c0d39461290
ASTEROID ,Feather Print New Spring Season White Shoes Men Running Flat PU Sneakers Male White Board Shoes Sports Outdoor Shoes  Sneakers For Men  (White),₹399,60% off,https://www.flipkart.com/asteroid-feather-print-new-spring-season-white-shoes-men-running-flat-pu-sneakers-male-board-sports-outdoor-shoes/p/itmde45e29aa3f71?pid=SHOFUZUJ3RDHB2AK&lid=LSTSHOFUZUJ3RDHB2AKDPF6YB&marketplace=FLIPKART&srno=s_1_25&otracker=search&otracker1=search&fm=organic&iid=4d28acce-a760-41bc-b3f0-3a581f86265f.SHOFUZUJ3RDHB2AK.SEARCH&ssid=wxrejuii7k0000001611754411591&qH=a1743c0d39461290
Magnolia ,White Sneakers Sneakers For Men  (White),₹348,65% off,https://www.flipkart.com/magnolia-white-sneakers-men/p/itmf7n8d9pspsdvp?pid=SHOF7NYRUSGVHDYU&lid=LSTSHOF7NYRUSGVHDYUFU7LNU&marketplace=FLIPKART&srno=s_1_26&otracker=search&otracker1=search&fm=organic&iid=4d28acce-a760-41bc-b3f0-3a581f86265f.SHOF7NYRUSGVHDYU.SEARCH&ssid=wxrejuii7k0000001611754411591&qH=a1743c0d39461290
Axter ,"Combo Pack of 2 Latest Collection Stylish Casual Loafer Sneakers Shoes For Men Sneakers For Men  (Blue, Red, Black)",₹297,70% off,https://www.flipkart.com/axter-combo-pack-2-latest-collection-stylish-casual-loafer-sneakers-shoes-men/p/itm370f1a4b95164?pid=SHOFN3ZBNGY2Q9C2&lid=LSTSHOFN3ZBNGY2Q9C2FJARWE&marketplace=FLIPKART&srno=s_1_27&otracker=search&otracker1=search&fm=organic&iid=4d28acce-a760-41bc-b3f0-3a581f86265f.SHOFN3ZBNGY2Q9C2.SEARCH&ssid=wxrejuii7k0000001611754411591&qH=a1743c0d39461290
Fzzirok ,Premium quality Sneakers For Men  (Blue),₹420,57% off,https://www.flipkart.com/fzzirok-premium-quality-sneakers-men/p/itm513fd99fa782c?pid=SHOFWX2PVCSA6TT9&lid=LSTSHOFWX2PVCSA6TT9XTRQ2G&marketplace=FLIPKART&srno=s_1_28&otracker=search&otracker1=search&fm=organic&iid=4d28acce-a760-41bc-b3f0-3a581f86265f.SHOFWX2PVCSA6TT9.SEARCH&ssid=wxrejuii7k0000001611754411591&qH=a1743c0d39461290
Rockfield ,Sneakers For Men  (Black),₹379,62% off,https://www.flipkart.com/rockfield-sneakers-men/p/itmdf791eab3a1e0?pid=SHOFKPYZMVC8ABC4&lid=LSTSHOFKPYZMVC8ABC4MFOZSO&marketplace=FLIPKART&srno=s_1_29&otracker=search&otracker1=search&fm=organic&iid=4d28acce-a760-41bc-b3f0-3a581f86265f.SHOFKPYZMVC8ABC4.SEARCH&ssid=wxrejuii7k0000001611754411591&qH=a1743c0d39461290
Marc Ecko ,Sneakers For Men  (Grey),"₹1,020",53% off,https://www.flipkart.com/marc-ecko-sneakers-men/p/itm1fe7af62b43b2?pid=SHOFJY3B5FHP6TJ4&lid=LSTSHOFJY3B5FHP6TJ4DLCKOP&marketplace=FLIPKART&srno=s_1_30&otracker=search&otracker1=search&fm=organic&iid=en_U5%2F4Ug3GlLfobhCKAKFijlaiqc0HKMwn%2FJADbVYAKLsP7KqAE44pcn5mH2vdPeuW%2BtoX06%2FDfjop%2B7v%2BEEKGPA%3D%3D&ssid=wxrejuii7k0000001611754411591&qH=a1743c0d39461290
Sparx ,"SM-322 Sneakers For Men  (Black, Grey)",₹799,20% off,https://www.flipkart.com/sparx-sm-322-sneakers-men/p/itmf27234d02f4d7?pid=SHOFFTAEFTNJGQ5W&lid=LSTSHOFFTAEFTNJGQ5WIUS9WB&marketplace=FLIPKART&srno=s_1_31&otracker=search&otracker1=search&fm=organic&iid=4d28acce-a760-41bc-b3f0-3a581f86265f.SHOFFTAEFTNJGQ5W.SEARCH&ssid=wxrejuii7k0000001611754411591&qH=a1743c0d39461290
Aura ,Stylish and Comfortable Sneakers For Men  (Black),₹269,46% off,https://www.flipkart.com/aura-stylish-comfortable-sneakers-men/p/itmf6hbrgpzb38jk?pid=SHOF6M2NMFSGABP8&lid=LSTSHOF6M2NMFSGABP8MFGLUL&marketplace=FLIPKART&srno=s_1_32&otracker=search&otracker1=search&fm=organic&iid=4d28acce-a760-41bc-b3f0-3a581f86265f.SHOF6M2NMFSGABP8.SEARCH&ssid=wxrejuii7k0000001611754411591&qH=a1743c0d39461290
T-Rock ,Synthetic Leather Casual Partywear Wedding Sneakers Shoes For Men Sneakers For Men  (Grey),₹399,60% off,https://www.flipkart.com/t-rock-synthetic-leather-casual-partywear-wedding-sneakers-shoes-men/p/itmfhkz7qghnktdg?pid=SHOFHKH6THADSSXU&lid=LSTSHOFHKH6THADSSXUEGAAQD&marketplace=FLIPKART&srno=s_1_33&otracker=search&otracker1=search&fm=organic&iid=4d28acce-a760-41bc-b3f0-3a581f86265f.SHOFHKH6THADSSXU.SEARCH&ssid=wxrejuii7k0000001611754411591&qH=a1743c0d39461290
Provogue ,Sneakers For Men  (Navy),₹674,67% off,https://www.flipkart.com/provogue-sneakers-men/p/itmfbtw7zgupnqhr?pid=SHOFBTW77ZMTURHZ&lid=LSTSHOFBTW77ZMTURHZRNTIIJ&marketplace=FLIPKART&srno=s_1_34&otracker=search&otracker1=search&fm=organic&iid=en_U5%2F4Ug3GlLfobhCKAKFijlaiqc0HKMwn%2FJADbVYAKLsWLmIyW3eSj1Tmsg7rFeA1VZHLK7UW5YKdCp4dLlGnAg%3D%3D&ssid=wxrejuii7k0000001611754411591&qH=a1743c0d39461290
D-SNEAKERZ ,"Casual , Partywear Sneakers Shoes For Men's And Boys White Color Sneakers For Men  (White)",₹368,44% off,https://www.flipkart.com/d-sneakerz-casual-partywear-sneakers-shoes-men-s-boys-white-color-men/p/itmf3xujnyvhbeqh?pid=SHOFFT35TZJFPTA4&lid=LSTSHOFFT35TZJFPTA4GQXUMX&marketplace=FLIPKART&srno=s_1_35&otracker=search&otracker1=search&fm=organic&iid=4d28acce-a760-41bc-b3f0-3a581f86265f.SHOFFT35TZJFPTA4.SEARCH&ssid=wxrejuii7k0000001611754411591&qH=a1743c0d39461290
Chevit ,Super 445 Fashion Sneakers For Men  (Navy),₹389,22% off,https://www.flipkart.com/chevit-super-445-fashion-sneakers-men/p/itm66119bb8aece9?pid=SHOFYAT7HUFHBTBE&lid=LSTSHOFYAT7HUFHBTBELSIG7O&marketplace=FLIPKART&srno=s_1_36&otracker=search&otracker1=search&fm=organic&iid=4d28acce-a760-41bc-b3f0-3a581f86265f.SHOFYAT7HUFHBTBE.SEARCH&ssid=wxrejuii7k0000001611754411591&qH=a1743c0d39461290
SCATCHITE ,Sneakers Sneakers For Men  (White),₹419,58% off,https://www.flipkart.com/scatchite-sneakers-men/p/itmc13680b1d9604?pid=SHOFUDSUHXHE67UG&lid=LSTSHOFUDSUHXHE67UGSXKTQ1&marketplace=FLIPKART&srno=s_1_37&otracker=search&otracker1=search&fm=organic&iid=4d28acce-a760-41bc-b3f0-3a581f86265f.SHOFUDSUHXHE67UG.SEARCH&ssid=wxrejuii7k0000001611754411591&qH=a1743c0d39461290
bluemaker ,casual for men (blue 06) Sneakers For Men  (Blue),₹549,45% off,https://www.flipkart.com/bluemaker-casual-men-blue-06-sneakers/p/itm3f838f669177a?pid=SHOFUSH75ABRTZMY&lid=LSTSHOFUSH75ABRTZMY8H410M&marketplace=FLIPKART&srno=s_1_38&otracker=search&otracker1=search&fm=organic&iid=4d28acce-a760-41bc-b3f0-3a581f86265f.SHOFUSH75ABRTZMY.SEARCH&ssid=wxrejuii7k0000001611754411591&qH=a1743c0d39461290
Echor ,HHM Sneakers For Men  (Black),₹601,39% off,https://www.flipkart.com/echor-hhm-sneakers-men/p/itmb7bba47358346?pid=SHOFXKA46PHGDGDJ&lid=LSTSHOFXKA46PHGDGDJHAVFR7&marketplace=FLIPKART&srno=s_1_39&otracker=search&otracker1=search&fm=organic&iid=4d28acce-a760-41bc-b3f0-3a581f86265f.SHOFXKA46PHGDGDJ.SEARCH&ssid=wxrejuii7k0000001611754411591&qH=a1743c0d39461290
Ducati ,Sneakers For Men  (Black),"₹2,099",43% off,https://www.flipkart.com/ducati-sneakers-men/p/itmfgnnhzgcesyz7?pid=SHOFGNKZGHG4C8BY&lid=LSTSHOFGNKZGHG4C8BYQ27G4W&marketplace=FLIPKART&srno=s_1_40&otracker=search&otracker1=search&fm=organic&iid=en_U5%2F4Ug3GlLfobhCKAKFijlaiqc0HKMwn%2FJADbVYAKLsZ2w%2F20RZD1WC5uUzeBOewGauj7YVzYMnRnDdqX3Pb8w%3D%3D&ssid=wxrejuii7k0000001611754411591&qH=a1743c0d39461290
Echor ,"shoes for boys | sports shoes for men | Latest Stylish Casual sneakers for men | Lace up lightweight grey shoes for running, walking, gym, trekking, hiking & party Sneakers For Men  (Blue)",₹601,39% off,https://www.flipkart.com/echor-shoes-boys-sports-men-latest-stylish-casual-sneakers-lace-up-lightweight-grey-running-walking-gym-trekking-hiking-party/p/itm16da3b8cff603?pid=SHOFXKA4JUVQBJJ6&lid=LSTSHOFXKA4JUVQBJJ6U49XHT&marketplace=FLIPKART&srno=s_2_41&otracker=search&otracker1=search&fm=organic&iid=9d7aac87-7c46-40b8-b09b-3533d3ef4816.SHOFXKA4JUVQBJJ6.SEARCH&ssid=h24ejg9tsw0000001611754406039&qH=a1743c0d39461290
Red Rose ,Sneakers For Men  (Blue),₹379,24% off,https://www.flipkart.com/red-rose-sneakers-men/p/itmf78bw3sbybtcv?pid=SHOF786PTMSSZBW6&lid=LSTSHOF786PTMSSZBW6BIWMWX&marketplace=FLIPKART&srno=s_2_42&otracker=search&otracker1=search&fm=organic&iid=9d7aac87-7c46-40b8-b09b-3533d3ef4816.SHOF786PTMSSZBW6.SEARCH&ssid=h24ejg9tsw0000001611754406039&qH=a1743c0d39461290
GANPATI TRADERS ,Sneakers For Men  (Red),₹199,60% off,https://www.flipkart.com/ganpati-traders-sneakers-men/p/itm6183d9fdb1312?pid=SHOFXYSARGTZQSDG&lid=LSTSHOFXYSARGTZQSDGEGUOCH&marketplace=FLIPKART&srno=s_2_43&otracker=search&otracker1=search&fm=organic&iid=9d7aac87-7c46-40b8-b09b-3533d3ef4816.SHOFXYSARGTZQSDG.SEARCH&ssid=h24ejg9tsw0000001611754406039&qH=a1743c0d39461290
French Connection ,Sneakers For Men  (Grey),"₹2,058",48% off,https://www.flipkart.com/french-connection-sneakers-men/p/itm716d13e1a2815?pid=SHOFGEQ8HYHEFHWG&lid=LSTSHOFGEQ8HYHEFHWGUVZ0JV&marketplace=FLIPKART&srno=s_2_44&otracker=search&otracker1=search&fm=organic&iid=en_%2BDasr3sdXt9jxD4xxUBeUcuvt73On1eS5btUb4TRE7UEKbMxhR12d513LSPXEZIRroSMSfBUJnBm3j%2BP07ckxw%3D%3D&ssid=h24ejg9tsw0000001611754406039&qH=a1743c0d39461290
Wika ,Sneakers For Men  (White),₹398,60% off,https://www.flipkart.com/wika-sneakers-men/p/itmc8e15465bd1d7?pid=SHOFMD7XUKYGPSPG&lid=LSTSHOFMD7XUKYGPSPGCKNPZ1&marketplace=FLIPKART&srno=s_2_45&otracker=search&otracker1=search&fm=organic&iid=9d7aac87-7c46-40b8-b09b-3533d3ef4816.SHOFMD7XUKYGPSPG.SEARCH&ssid=h24ejg9tsw0000001611754406039&qH=a1743c0d39461290
Chevit ,169 Smart Sky Blue Lace-Ups Casuals for Men Sneakers For Men  (Blue),₹236,52% off,https://www.flipkart.com/chevit-169-smart-sky-blue-lace-ups-casuals-men-sneakers/p/itme43a672b33ab2?pid=SHOFZD3NZUF6MGYC&lid=LSTSHOFZD3NZUF6MGYCTCDUOY&marketplace=FLIPKART&srno=s_2_46&otracker=search&otracker1=search&fm=organic&iid=9d7aac87-7c46-40b8-b09b-3533d3ef4816.SHOFZD3NZUF6MGYC.SEARCH&ssid=h24ejg9tsw0000001611754406039&qH=a1743c0d39461290
Believe ,Sneakers for men(black_10) Sneakers For Men  (Black),₹379,62% off,https://www.flipkart.com/believe-sneakers-men-black-10-men/p/itmfdyhg8ezwgav9?pid=SHOFDXWHZS9KV99F&lid=LSTSHOFDXWHZS9KV99FKF1OXJ&marketplace=FLIPKART&srno=s_2_47&otracker=search&otracker1=search&fm=organic&iid=9d7aac87-7c46-40b8-b09b-3533d3ef4816.SHOFDXWHZS9KV99F.SEARCH&ssid=h24ejg9tsw0000001611754406039&qH=a1743c0d39461290
Shoefly ,"Combo Men Pack of 2 Loafers Shoes Sneakers For Men  (Black, Red)",₹299,70% off,https://www.flipkart.com/shoefly-combo-men-pack-2-loafers-shoes-sneakers/p/itmfg7hatpwyccy4?pid=SHOFG7FKPVZHBF3F&lid=LSTSHOFG7FKPVZHBF3FMRDXLA&marketplace=FLIPKART&srno=s_2_48&otracker=search&otracker1=search&fm=organic&iid=9d7aac87-7c46-40b8-b09b-3533d3ef4816.SHOFG7FKPVZHBF3F.SEARCH&ssid=h24ejg9tsw0000001611754406039&qH=a1743c0d39461290
ShoeLife ,Sneakers For Men  (White),₹449,55% off,https://www.flipkart.com/shoelife-sneakers-men/p/itmed737bad3d6bd?pid=SHOFVZHERWDMGYXU&lid=LSTSHOFVZHERWDMGYXUZXPM9A&marketplace=FLIPKART&srno=s_2_49&otracker=search&otracker1=search&fm=organic&iid=9d7aac87-7c46-40b8-b09b-3533d3ef4816.SHOFVZHERWDMGYXU.SEARCH&ssid=h24ejg9tsw0000001611754406039&qH=a1743c0d39461290
Marc Ecko ,Sneakers For Men  (Grey),"₹1,049",52% off,https://www.flipkart.com/marc-ecko-sneakers-men/p/itm3f7e94ff2b755?pid=SHOFJY3BH9869E53&lid=LSTSHOFJY3BH9869E53L6EBCC&marketplace=FLIPKART&srno=s_2_50&otracker=search&otracker1=search&fm=organic&iid=en_%2BDasr3sdXt9jxD4xxUBeUcuvt73On1eS5btUb4TRE7ViJ%2Bf%2BkxEgo%2FQRNx0H5ZiaIZvSfEnXtTe02MEzlPKL%2Fw%3D%3D&ssid=h24ejg9tsw0000001611754406039&qH=a1743c0d39461290
Stinson ,Combo of 5 Multicolor Casual Sneakers Shoes For Men Sneakers For Men  (Multicolor),₹599,75% off,https://www.flipkart.com/stinson-combo-5-multicolor-casual-sneakers-shoes-men/p/itm2cba2c1bc54ad?pid=SHOFNYJQQGUDTCBG&lid=LSTSHOFNYJQQGUDTCBGPIVYRH&marketplace=FLIPKART&srno=s_2_51&otracker=search&otracker1=search&fm=organic&iid=9d7aac87-7c46-40b8-b09b-3533d3ef4816.SHOFNYJQQGUDTCBG.SEARCH&ssid=h24ejg9tsw0000001611754406039&qH=a1743c0d39461290
Kraasa ,"Casuals, Canvas, Partywear Sneakers For Men  (White)",₹474,52% off,https://www.flipkart.com/kraasa-casuals-canvas-partywear-sneakers-men/p/itm3b6ebb856eb64?pid=SHOFGGF7GVP9C2Q6&lid=LSTSHOFGGF7GVP9C2Q6ZXHY8F&marketplace=FLIPKART&srno=s_2_52&otracker=search&otracker1=search&fm=organic&iid=9d7aac87-7c46-40b8-b09b-3533d3ef4816.SHOFGGF7GVP9C2Q6.SEARCH&ssid=h24ejg9tsw0000001611754406039&qH=a1743c0d39461290
Camfoot ,Combo Pack of 2 Latest Collection Stylish Casual Shoes Sneakers For Men  (Multicolor),₹328,67% off,https://www.flipkart.com/camfoot-combo-pack-2-latest-collection-stylish-casual-shoes-sneakers-men/p/itmf2f7d9daeb0cb?pid=SHOFNT6YTWUCZSKU&lid=LSTSHOFNT6YTWUCZSKUQKEFXK&marketplace=FLIPKART&srno=s_2_53&otracker=search&otracker1=search&fm=organic&iid=9d7aac87-7c46-40b8-b09b-3533d3ef4816.SHOFNT6YTWUCZSKU.SEARCH&ssid=h24ejg9tsw0000001611754406039&qH=a1743c0d39461290
layasa ,"Walking shoes,Casual Sneakers For Men  (Green)",₹378,62% off,https://www.flipkart.com/layasa-walking-shoes-casual-sneakers-men/p/itmd9bac97d76b9b?pid=SHOFT6WUHZTSTA4G&lid=LSTSHOFT6WUHZTSTA4GF5S9CR&marketplace=FLIPKART&srno=s_2_54&otracker=search&otracker1=search&fm=organic&iid=en_%2BDasr3sdXt9jxD4xxUBeUcuvt73On1eS5btUb4TRE7UWFq43P7NBupkJ%2B4TI%2Fx0VD3ygcf3Wj5UMZOvGAVOFrA%3D%3D&ssid=h24ejg9tsw0000001611754406039&qH=a1743c0d39461290
Edoeviv ,Sneakers For Men  (White) Sneakers For Men  (White),₹398,43% off,https://www.flipkart.com/edoeviv-sneakers-men-white-men/p/itmb3c9e83f71332?pid=SHOFTXHG5QWSJXAU&lid=LSTSHOFTXHG5QWSJXAUYII0IC&marketplace=FLIPKART&srno=s_2_55&otracker=search&otracker1=search&fm=organic&iid=9d7aac87-7c46-40b8-b09b-3533d3ef4816.SHOFTXHG5QWSJXAU.SEARCH&ssid=h24ejg9tsw0000001611754406039&qH=a1743c0d39461290
World Wear Footwear ,5011-Latest Collection Stylish Casual Loafer Sneakers Shoes For Men Sneakers For Men  (Red),₹240,51% off,https://www.flipkart.com/world-wear-footwear-5011-latest-collection-stylish-casual-loafer-sneakers-shoes-men/p/itm01930e5430e12?pid=SHOFMY6NYMGEHRHX&lid=LSTSHOFMY6NYMGEHRHXHXJBPN&marketplace=FLIPKART&srno=s_2_56&otracker=search&otracker1=search&fm=organic&iid=9d7aac87-7c46-40b8-b09b-3533d3ef4816.SHOFMY6NYMGEHRHX.SEARCH&ssid=h24ejg9tsw0000001611754406039&qH=a1743c0d39461290
Sparx ,SM-439 Sneakers For Men  (White),₹699,-,https://www.flipkart.com/sparx-sm-439-sneakers-men/p/itm2fb11e75ce1bf?pid=SHOFKH7ZBGV4QBDG&lid=LSTSHOFKH7ZBGV4QBDGZ4X0MP&marketplace=FLIPKART&srno=s_2_57&otracker=search&otracker1=search&fm=organic&iid=9d7aac87-7c46-40b8-b09b-3533d3ef4816.SHOFKH7ZBGV4QBDG.SEARCH&ssid=h24ejg9tsw0000001611754406039&qH=a1743c0d39461290
Clymb ,Sneakers For Men  (Black),₹299,70% off,https://www.flipkart.com/clymb-sneakers-men/p/itm32870366df132?pid=SHOFYBDUZRJ2H8EK&lid=LSTSHOFYBDUZRJ2H8EKBAACUB&marketplace=FLIPKART&srno=s_2_58&otracker=search&otracker1=search&fm=organic&iid=9d7aac87-7c46-40b8-b09b-3533d3ef4816.SHOFYBDUZRJ2H8EK.SEARCH&ssid=h24ejg9tsw0000001611754406039&qH=a1743c0d39461290
layasa ,"sports shoes for men | Latest Stylish Casual sneakers for men | Lace up lightweight shoes for running, walking, gym, trekking, hiking & party Running Shoes For Men� Sneakers For Men  (Black)",₹336,66% off,https://www.flipkart.com/layasa-sports-shoes-men-latest-stylish-casual-sneakers-lace-up-lightweight-running-walking-gym-trekking-hiking-party-running-men/p/itma76b16d961694?pid=SHOFT6WUKT9TK8XY&lid=LSTSHOFT6WUKT9TK8XYFBXMDY&marketplace=FLIPKART&srno=s_2_59&otracker=search&otracker1=search&fm=organic&iid=9d7aac87-7c46-40b8-b09b-3533d3ef4816.SHOFT6WUKT9TK8XY.SEARCH&ssid=h24ejg9tsw0000001611754406039&qH=a1743c0d39461290
French Connection ,"Sneakers For Men  (Navy, White)",₹849,57% off,https://www.flipkart.com/french-connection-sneakers-men/p/itmfeqdgzfrasm6v?pid=SHOFE6AU3UHWKZGW&lid=LSTSHOFE6AU3UHWKZGWB1ZCBC&marketplace=FLIPKART&srno=s_2_60&otracker=search&otracker1=search&fm=organic&iid=en_%2BDasr3sdXt9jxD4xxUBeUcuvt73On1eS5btUb4TRE7W5qeSmUbmlD%2BEL%2FQ6zB5C7kVsaAOP0QG9UKvG4VN%2B12w%3D%3D&ssid=h24ejg9tsw0000001611754406039&qH=a1743c0d39461290
DIGITRENDZZ ,Sneakers For Men  (Green),₹399,60% off,https://www.flipkart.com/digitrendzz-sneakers-men/p/itm2a12593f2f7b2?pid=SHOFTTKZ6SBPQY4Z&lid=LSTSHOFTTKZ6SBPQY4ZE3NSSJ&marketplace=FLIPKART&srno=s_2_61&otracker=search&otracker1=search&fm=organic&iid=9d7aac87-7c46-40b8-b09b-3533d3ef4816.SHOFTTKZ6SBPQY4Z.SEARCH&ssid=h24ejg9tsw0000001611754406039&qH=a1743c0d39461290
STRANGER BROTHERS ,"Sneakers For Men  (White, Brown)",₹549,45% off,https://www.flipkart.com/stranger-brothers-sneakers-men/p/itmb35f28fcfe837?pid=SHOFXGFVSMZPUWAG&lid=LSTSHOFXGFVSMZPUWAGZV9M8V&marketplace=FLIPKART&srno=s_2_62&otracker=search&otracker1=search&fm=organic&iid=9d7aac87-7c46-40b8-b09b-3533d3ef4816.SHOFXGFVSMZPUWAG.SEARCH&ssid=h24ejg9tsw0000001611754406039&qH=a1743c0d39461290
Kaneggye ,Sneakers For Men  (Grey),₹380,23% off,https://www.flipkart.com/kaneggye-sneakers-men/p/itmf3xxsdvv25yze?pid=SHOESZFMKJNBZ6FB&lid=LSTSHOESZFMKJNBZ6FBPAJ6AB&marketplace=FLIPKART&srno=s_2_63&otracker=search&otracker1=search&fm=organic&iid=9d7aac87-7c46-40b8-b09b-3533d3ef4816.SHOESZFMKJNBZ6FB.SEARCH&ssid=h24ejg9tsw0000001611754406039&qH=a1743c0d39461290
Ducati ,Sneakers For Men  (Grey),"₹1,299",64% off,https://www.flipkart.com/ducati-sneakers-men/p/itm94303e5e2004f?pid=SHOFGNGHREUWAZDB&lid=LSTSHOFGNGHREUWAZDBQXHPHH&marketplace=FLIPKART&srno=s_2_64&otracker=search&otracker1=search&fm=organic&iid=en_%2BDasr3sdXt9jxD4xxUBeUcuvt73On1eS5btUb4TRE7W1imvJI2hAvvLUzrwZmeut3Ps5Sre8ccqG6%2FIG%2FdsggA%3D%3D&ssid=h24ejg9tsw0000001611754406039&qH=a1743c0d39461290
Ktiz ,Sneakers For Men  (White),₹457,54% off,https://www.flipkart.com/ktiz-sneakers-men/p/itm14b4ecbb16637?pid=SHOFUSHPCHB6QSRW&lid=LSTSHOFUSHPCHB6QSRWSNGIOL&marketplace=FLIPKART&srno=s_2_65&otracker=search&otracker1=search&fm=organic&iid=9d7aac87-7c46-40b8-b09b-3533d3ef4816.SHOFUSHPCHB6QSRW.SEARCH&ssid=h24ejg9tsw0000001611754406039&qH=a1743c0d39461290
Axter ,Combo Pack of 2 Casual Loafer Sneakers Shoes Sneakers For Men  (Multicolor),₹299,70% off,https://www.flipkart.com/axter-combo-pack-2-casual-loafer-sneakers-shoes-men/p/itm58cdd535af339?pid=SHOFGQYAZJSPDCAZ&lid=LSTSHOFGQYAZJSPDCAZDRB1KJ&marketplace=FLIPKART&srno=s_2_66&otracker=search&otracker1=search&fm=organic&iid=9d7aac87-7c46-40b8-b09b-3533d3ef4816.SHOFGQYAZJSPDCAZ.SEARCH&ssid=h24ejg9tsw0000001611754406039&qH=a1743c0d39461290
PERY-PAO ,White Casual Shoes Sneakers For Men  (White),₹437,56% off,https://www.flipkart.com/pery-pao-white-casual-shoes-sneakers-men/p/itm4eeb5d611940d?pid=SHOFKXUHJ8BNSZCK&lid=LSTSHOFKXUHJ8BNSZCKUTGFPM&marketplace=FLIPKART&srno=s_2_67&otracker=search&otracker1=search&fm=organic&iid=9d7aac87-7c46-40b8-b09b-3533d3ef4816.SHOFKXUHJ8BNSZCK.SEARCH&ssid=h24ejg9tsw0000001611754406039&qH=a1743c0d39461290
Robbie Jones ,Sneakers For Men  (Black),₹499,50% off,https://www.flipkart.com/robbie-jones-sneakers-men/p/itm71828864239ee?pid=SHOFWVUDSWMBMN4Q&lid=LSTSHOFWVUDSWMBMN4QLEXCTP&marketplace=FLIPKART&srno=s_2_68&otracker=search&otracker1=search&fm=organic&iid=9d7aac87-7c46-40b8-b09b-3533d3ef4816.SHOFWVUDSWMBMN4Q.SEARCH&ssid=h24ejg9tsw0000001611754406039&qH=a1743c0d39461290
ADIDAS ,EASY VULC 2.0 Sneakers For Men  (Black),"₹1,759",56% off,https://www.flipkart.com/adidas-easy-vulc-2-0-sneakers-men/p/itmfhwp9f5bkbh4g?pid=SHOFU43P2JGPXFHP&lid=LSTSHOFU43P2JGPXFHPBXVUMB&marketplace=FLIPKART&srno=s_2_69&otracker=search&otracker1=search&fm=organic&iid=9d7aac87-7c46-40b8-b09b-3533d3ef4816.SHOFU43P2JGPXFHP.SEARCH&ssid=h24ejg9tsw0000001611754406039&qH=a1743c0d39461290
Ducati ,Sneakers For Men  (Black),"₹2,099",43% off,https://www.flipkart.com/ducati-sneakers-men/p/itmfgnnhzgcesyz7?pid=SHOFGNKZGHG4C8BY&lid=LSTSHOFGNKZGHG4C8BYQ27G4W&marketplace=FLIPKART&srno=s_2_70&otracker=search&otracker1=search&fm=organic&iid=en_%2BDasr3sdXt9jxD4xxUBeUcuvt73On1eS5btUb4TRE7Xs5ku27GrVWXSi33EU3GrafYgs9iPYj2kRwNQkSdmylg%3D%3D&ssid=h24ejg9tsw0000001611754406039&qH=a1743c0d39461290
Essence ,Sneakers For Men  (Navy),₹579,42% off,https://www.flipkart.com/essence-sneakers-men/p/itmf3xqa3mf5eszu?pid=SHOEYJF7F5URECNE&lid=LSTSHOEYJF7F5URECNEAIKUPK&marketplace=FLIPKART&srno=s_2_71&otracker=search&otracker1=search&fm=organic&iid=9d7aac87-7c46-40b8-b09b-3533d3ef4816.SHOEYJF7F5URECNE.SEARCH&ssid=h24ejg9tsw0000001611754406039&qH=a1743c0d39461290
Robbie jones ,Casual Sneakers Shoes For Men Sneakers For Men  (White),₹499,50% off,https://www.flipkart.com/robbie-jones-casual-sneakers-shoes-men/p/itm6db4ca9f97aaf?pid=SHOFYW3GG6ACYGZ4&lid=LSTSHOFYW3GG6ACYGZ4WDLZ8A&marketplace=FLIPKART&srno=s_2_72&otracker=search&otracker1=search&fm=organic&iid=9d7aac87-7c46-40b8-b09b-3533d3ef4816.SHOFYW3GG6ACYGZ4.SEARCH&ssid=h24ejg9tsw0000001611754406039&qH=a1743c0d39461290
Skechers ,SUMMITS - BRISBANE Sneakers For Men  (Black),"₹3,009",30% off,https://www.flipkart.com/skechers-summits-brisbane-sneakers-men/p/itm811b61f6bed55?pid=SHOFUHGGHT2RU4FG&lid=LSTSHOFUHGGHT2RU4FGOIWT8Z&marketplace=FLIPKART&srno=s_2_73&otracker=search&otracker1=search&fm=organic&iid=9d7aac87-7c46-40b8-b09b-3533d3ef4816.SHOFUHGGHT2RU4FG.SEARCH&ssid=h24ejg9tsw0000001611754406039&qH=a1743c0d39461290
Marc Ecko ,Sneakers For Men  (Grey),"₹1,020",53% off,https://www.flipkart.com/marc-ecko-sneakers-men/p/itm1fe7af62b43b2?pid=SHOFJY3B5FHP6TJ4&lid=LSTSHOFJY3B5FHP6TJ4DLCKOP&marketplace=FLIPKART&srno=s_2_74&otracker=search&otracker1=search&fm=organic&iid=en_%2BDasr3sdXt9jxD4xxUBeUcuvt73On1eS5btUb4TRE7Uufo8Ju2lGHQvcC7jgmmkcgIpTpswbAj3%2BzTnJCr6KPw%3D%3D&ssid=h24ejg9tsw0000001611754406039&qH=a1743c0d39461290
Adiso ,Casual shoes Sneakers For Men  (White),₹399,60% off,https://www.flipkart.com/adiso-casual-shoes-sneakers-men/p/itmf79zvzhkvdqag?pid=SHOF79H5TDH8D7Q2&lid=LSTSHOF79H5TDH8D7Q2VZQDMZ&marketplace=FLIPKART&srno=s_2_75&otracker=search&otracker1=search&fm=organic&iid=9d7aac87-7c46-40b8-b09b-3533d3ef4816.SHOF79H5TDH8D7Q2.SEARCH&ssid=h24ejg9tsw0000001611754406039&qH=a1743c0d39461290
D-SNEAKERZ ,"Casual , Partywear Sneakers Shoes For Men's And Boys White Color Sneakers For Men  (White)",₹385,61% off,https://www.flipkart.com/d-sneakerz-casual-partywear-sneakers-shoes-men-s-boys-white-color-men/p/itmf3yysmcgaff2q?pid=SHOFFT2ZAMFVYJGQ&lid=LSTSHOFFT2ZAMFVYJGQCFTOI3&marketplace=FLIPKART&srno=s_2_76&otracker=search&otracker1=search&fm=organic&iid=9d7aac87-7c46-40b8-b09b-3533d3ef4816.SHOFFT2ZAMFVYJGQ.SEARCH&ssid=h24ejg9tsw0000001611754406039&qH=a1743c0d39461290
GANPATI TRADERS ,TRENDY SNEKEARS FOR MEN Sneakers For Men  (Blue),₹199,60% off,https://www.flipkart.com/ganpati-traders-trendy-snekears-men-sneakers/p/itm51d4f4d580a10?pid=SHOFYYZCGUUK6BBU&lid=LSTSHOFYYZCGUUK6BBU7XIDEJ&marketplace=FLIPKART&srno=s_2_77&otracker=search&otracker1=search&fm=organic&iid=9d7aac87-7c46-40b8-b09b-3533d3ef4816.SHOFYYZCGUUK6BBU.SEARCH&ssid=h24ejg9tsw0000001611754406039&qH=a1743c0d39461290
Edoeviv ,Sneakers For Men  (White),₹499,37% off,https://www.flipkart.com/edoeviv-sneakers-men/p/itmd1409af2e286e?pid=SHOFYP3XEUSQ39ZU&lid=LSTSHOFYP3XEUSQ39ZUOSGPXC&marketplace=FLIPKART&srno=s_2_78&otracker=search&otracker1=search&fm=organic&iid=9d7aac87-7c46-40b8-b09b-3533d3ef4816.SHOFYP3XEUSQ39ZU.SEARCH&ssid=h24ejg9tsw0000001611754406039&qH=a1743c0d39461290
Creer ,STYLISH Sneakers For Men  (White),₹398,60% off,https://www.flipkart.com/creer-stylish-sneakers-men/p/itmfgbmuqekamqtu?pid=SHOFGB9HJDMW8PXP&lid=LSTSHOFGB9HJDMW8PXPZVMZJA&marketplace=FLIPKART&srno=s_2_79&otracker=search&otracker1=search&fm=organic&iid=9d7aac87-7c46-40b8-b09b-3533d3ef4816.SHOFGB9HJDMW8PXP.SEARCH&ssid=h24ejg9tsw0000001611754406039&qH=a1743c0d39461290
French Connection ,Sneakers For Men  (Brown),"₹1,499",34% off,https://www.flipkart.com/french-connection-sneakers-men/p/itmfeqdghgfakkhg?pid=SHOFE6AUH2GHX3TF&lid=LSTSHOFE6AUH2GHX3TFDABIZU&marketplace=FLIPKART&srno=s_2_80&otracker=search&otracker1=search&fm=organic&iid=en_%2BDasr3sdXt9jxD4xxUBeUcuvt73On1eS5btUb4TRE7VLWv3wVwwjYXTO2WVmobwHUyCIZr63bWOG6B6jDDdSvQ%3D%3D&ssid=h24ejg9tsw0000001611754406039&qH=a1743c0d39461290
Chevit ,Smart Casuals Canvas Shoes Combo pack of 2 Sneakers For Men  (Multicolor),₹299,70% off,https://www.flipkart.com/chevit-smart-casuals-canvas-shoes-combo-pack-2-sneakers-men/p/itm1a786ac446c21?pid=SHOFZWYJCHG9DAZS&lid=LSTSHOFZWYJCHG9DAZSD88SDG&marketplace=FLIPKART&srno=s_3_81&otracker=search&otracker1=search&fm=organic&iid=0c7ce0e4-0695-429a-8e7c-899050b9255f.SHOFZWYJCHG9DAZS.SEARCH&ssid=15jzp1qfuo0000001611754414942&qH=a1743c0d39461290
BUCIK ,Sneakers For Men  (Black),₹445,77% off,https://www.flipkart.com/bucik-sneakers-men/p/itmdf60069607f46?pid=SHOFTCA5BPG8J469&lid=LSTSHOFTCA5BPG8J469RAGVNX&marketplace=FLIPKART&srno=s_3_82&otracker=search&otracker1=search&fm=organic&iid=0c7ce0e4-0695-429a-8e7c-899050b9255f.SHOFTCA5BPG8J469.SEARCH&ssid=15jzp1qfuo0000001611754414942&qH=a1743c0d39461290
Birde ,Combo Pack of 2 Casual Shoes Sneakers For Men  (Multicolor),₹699,53% off,https://www.flipkart.com/birde-combo-pack-2-casual-shoes-sneakers-men/p/itm4c2053e45abf2?pid=SHOFYZFYNHKWVAPB&lid=LSTSHOFYZFYNHKWVAPB5RH78B&marketplace=FLIPKART&srno=s_3_83&otracker=search&otracker1=search&fm=organic&iid=0c7ce0e4-0695-429a-8e7c-899050b9255f.SHOFYZFYNHKWVAPB.SEARCH&ssid=15jzp1qfuo0000001611754414942&qH=a1743c0d39461290
French Connection ,Sneakers For Men  (Grey),"₹2,058",48% off,https://www.flipkart.com/french-connection-sneakers-men/p/itm716d13e1a2815?pid=SHOFGEQ8HYHEFHWG&lid=LSTSHOFGEQ8HYHEFHWGUVZ0JV&marketplace=FLIPKART&srno=s_3_84&otracker=search&otracker1=search&fm=organic&iid=en_oTjubeuw%2BE7%2B6MAObqcefUusWfHpS8mnqcFmHJOeO5Riem6A%2Flf9KVceEdXmYZWaroSMSfBUJnBm3j%2BP07ckxw%3D%3D&ssid=15jzp1qfuo0000001611754414942&qH=a1743c0d39461290
RICHERSON ,CAUSAL SHOES FOR MEN Sneakers For Men  (Black),₹479,52% off,https://www.flipkart.com/richerson-causal-shoes-men-sneakers/p/itmdd125439e1fcf?pid=SHOFVBVQVHE7YZ5H&lid=LSTSHOFVBVQVHE7YZ5HS0DLDZ&marketplace=FLIPKART&srno=s_3_85&otracker=search&otracker1=search&fm=organic&iid=0c7ce0e4-0695-429a-8e7c-899050b9255f.SHOFVBVQVHE7YZ5H.SEARCH&ssid=15jzp1qfuo0000001611754414942&qH=a1743c0d39461290
Essence ,Sneakers For Men  (Blue),₹579,42% off,https://www.flipkart.com/essence-sneakers-men/p/itmf7txcbzh4emnr?pid=SHOF7TS7HN4YMWD7&lid=LSTSHOF7TS7HN4YMWD7MC73PZ&marketplace=FLIPKART&srno=s_3_86&otracker=search&otracker1=search&fm=organic&iid=0c7ce0e4-0695-429a-8e7c-899050b9255f.SHOF7TS7HN4YMWD7.SEARCH&ssid=15jzp1qfuo0000001611754414942&qH=a1743c0d39461290
ARDEO ,NEW WHITE TRENDY SNEAKERS FOR MEN Sneakers For Men  (White),₹379,62% off,https://www.flipkart.com/ardeo-new-white-trendy-sneakers-men/p/itm48a4b5388892a?pid=SHOFVMKHHNF3FCYT&lid=LSTSHOFVMKHHNF3FCYTHCGDHX&marketplace=FLIPKART&srno=s_3_87&otracker=search&otracker1=search&fm=organic&iid=0c7ce0e4-0695-429a-8e7c-899050b9255f.SHOFVMKHHNF3FCYT.SEARCH&ssid=15jzp1qfuo0000001611754414942&qH=a1743c0d39461290
Sparx ,"SM-322 Sneakers For Men  (Blue, Grey)",₹769,23% off,https://www.flipkart.com/sparx-sm-322-sneakers-men/p/itm04d01629290b9?pid=SHOFFTAE4XGQFAUX&lid=LSTSHOFFTAE4XGQFAUX0H2TVX&marketplace=FLIPKART&srno=s_3_88&otracker=search&otracker1=search&fm=organic&iid=0c7ce0e4-0695-429a-8e7c-899050b9255f.SHOFFTAE4XGQFAUX.SEARCH&ssid=15jzp1qfuo0000001611754414942&qH=a1743c0d39461290
Black Bottom ,Fashion Outdoor Canvas Casual Light Weight Partywear Sneakers Shoes For Men's And Boys Sneakers Casuals For Men  Sneakers For Men  (White),₹399,60% off,https://www.flipkart.com/black-bottom-fashion-outdoor-canvas-casual-light-weight-partywear-sneakers-shoes-men-s-boys-casuals-men-men/p/itmfcb72b1070d24?pid=SHOFUZNKHFYVKGQF&lid=LSTSHOFUZNKHFYVKGQF3R08FN&marketplace=FLIPKART&srno=s_3_89&otracker=search&otracker1=search&fm=organic&iid=0c7ce0e4-0695-429a-8e7c-899050b9255f.SHOFUZNKHFYVKGQF.SEARCH&ssid=15jzp1qfuo0000001611754414942&qH=a1743c0d39461290
Marc Ecko ,Sneakers For Men  (Grey),"₹1,049",52% off,https://www.flipkart.com/marc-ecko-sneakers-men/p/itm3f7e94ff2b755?pid=SHOFJY3BH9869E53&lid=LSTSHOFJY3BH9869E53L6EBCC&marketplace=FLIPKART&srno=s_3_90&otracker=search&otracker1=search&fm=organic&iid=en_oTjubeuw%2BE7%2B6MAObqcefUusWfHpS8mnqcFmHJOeO5QiedCPbWZX0JELRO7OExRVIZvSfEnXtTe02MEzlPKL%2Fw%3D%3D&ssid=15jzp1qfuo0000001611754414942&qH=a1743c0d39461290
Bersache ,"Combo Pack of 5 Top Rated, Best Rates Training Shoes Sneakers For Men  (Multicolor)",₹759,69% off,https://www.flipkart.com/bersache-combo-pack-5-top-rated-best-rates-training-shoes-sneakers-men/p/itm0901590530421?pid=SHOFJ6HYW9TZYGZZ&lid=LSTSHOFJ6HYW9TZYGZZ9AZVVD&marketplace=FLIPKART&srno=s_3_91&otracker=search&otracker1=search&fm=organic&iid=0c7ce0e4-0695-429a-8e7c-899050b9255f.SHOFJ6HYW9TZYGZZ.SEARCH&ssid=15jzp1qfuo0000001611754414942&qH=a1743c0d39461290
bluemaker ,casual for men Sneakers For Men  (Black),₹549,45% off,https://www.flipkart.com/bluemaker-casual-men-sneakers/p/itm3694200bdaf02?pid=SHOFP4YX5H5U8B4C&lid=LSTSHOFP4YX5H5U8B4CTQS2SF&marketplace=FLIPKART&srno=s_3_92&otracker=search&otracker1=search&fm=organic&iid=0c7ce0e4-0695-429a-8e7c-899050b9255f.SHOFP4YX5H5U8B4C.SEARCH&ssid=15jzp1qfuo0000001611754414942&qH=a1743c0d39461290
Wrizt ,"Fashionable Durable Breathable Running shoes for boys | sports shoes for men | Latest Stylish Casual sport shoes for men | Lace up Lightweight Orange shoes for running,jogging,training, walking, gym, trekking, hiking & party Running Shoes Sneakers For Men  (Orange)",₹369,63% off,https://www.flipkart.com/wrizt-fashionable-durable-breathable-running-shoes-boys-sports-men-latest-stylish-casual-sport-lace-up-lightweight-orange-running-jogging-training-walking-gym-trekking-hiking-party-sneakers/p/itm536468256e318?pid=SHOFU9HZYZFBGDGA&lid=LSTSHOFU9HZYZFBGDGAHS1KJ6&marketplace=FLIPKART&srno=s_3_93&otracker=search&otracker1=search&fm=organic&iid=0c7ce0e4-0695-429a-8e7c-899050b9255f.SHOFU9HZYZFBGDGA.SEARCH&ssid=15jzp1qfuo0000001611754414942&qH=a1743c0d39461290
layasa ,"Walking shoes,Casual Sneakers For Men  (Green)",₹378,62% off,https://www.flipkart.com/layasa-walking-shoes-casual-sneakers-men/p/itmd9bac97d76b9b?pid=SHOFT6WUHZTSTA4G&lid=LSTSHOFT6WUHZTSTA4GF5S9CR&marketplace=FLIPKART&srno=s_3_94&otracker=search&otracker1=search&fm=organic&iid=en_oTjubeuw%2BE7%2B6MAObqcefUusWfHpS8mnqcFmHJOeO5QVeAQfl2lLbUAO4O04UYQ5D3ygcf3Wj5UMZOvGAVOFrA%3D%3D&ssid=15jzp1qfuo0000001611754414942&qH=a1743c0d39461290
Chevit ,"Trendy Fashion Lightweight Combo Pack of 02 Pairs Casuals Sneakers For Men  (Green, Yellow)",₹499,61% off,https://www.flipkart.com/chevit-trendy-fashion-lightweight-combo-pack-02-pairs-casuals-sneakers-men/p/itmb354e5df157b8?pid=SHOFWFZ7GXPZTEWB&lid=LSTSHOFWFZ7GXPZTEWBFA4LMS&marketplace=FLIPKART&srno=s_3_95&otracker=search&otracker1=search&fm=organic&iid=0c7ce0e4-0695-429a-8e7c-899050b9255f.SHOFWFZ7GXPZTEWB.SEARCH&ssid=15jzp1qfuo0000001611754414942&qH=a1743c0d39461290
Rockfield ,Sneakers For Men  (Multicolor),₹399,60% off,https://www.flipkart.com/rockfield-sneakers-men/p/itm740c0a57a7e7b?pid=SHOFV275BWB6HZXY&lid=LSTSHOFV275BWB6HZXY45RJAJ&marketplace=FLIPKART&srno=s_3_96&otracker=search&otracker1=search&fm=organic&iid=0c7ce0e4-0695-429a-8e7c-899050b9255f.SHOFV275BWB6HZXY.SEARCH&ssid=15jzp1qfuo0000001611754414942&qH=a1743c0d39461290
Kzaara ,Sneakers For Men  (Brown),₹284,43% off,https://www.flipkart.com/kzaara-sneakers-men/p/itmf3yycsuqgubmq?pid=SHOENE7RGSZAQ5RF&lid=LSTSHOENE7RGSZAQ5RFDBNNT1&marketplace=FLIPKART&srno=s_3_97&otracker=search&otracker1=search&fm=organic&iid=0c7ce0e4-0695-429a-8e7c-899050b9255f.SHOENE7RGSZAQ5RF.SEARCH&ssid=15jzp1qfuo0000001611754414942&qH=a1743c0d39461290
MOU ,Zar Check Sneakers Sneakers For Men  (Multicolor),₹523,47% off,https://www.flipkart.com/mou-zar-check-sneakers-men/p/itmf4edskhhxxyvr?pid=SHOF4E87RFEU57YA&lid=LSTSHOF4E87RFEU57YAVD3T5V&marketplace=FLIPKART&srno=s_3_98&otracker=search&otracker1=search&fm=organic&iid=0c7ce0e4-0695-429a-8e7c-899050b9255f.SHOF4E87RFEU57YA.SEARCH&ssid=15jzp1qfuo0000001611754414942&qH=a1743c0d39461290
Fabbmate ,  Combo of Men's Casual Shoes.(Pack of 3) Sneakers For Men  (Multicolor),"₹1,099",63% off,https://www.flipkart.com/fabbmate-combo-men-s-casual-shoes-pack-3-sneakers-men/p/itm0fd65b051d2eb?pid=DHYFH2V2HEQDJSFY&lid=LSTDHYFH2V2HEQDJSFYWII0WC&marketplace=FLIPKART&srno=s_3_99&otracker=search&otracker1=search&fm=organic&iid=0c7ce0e4-0695-429a-8e7c-899050b9255f.DHYFH2V2HEQDJSFY.SEARCH&ssid=15jzp1qfuo0000001611754414942&qH=a1743c0d39461290
French Connection ,"Sneakers For Men  (Navy, White)",₹849,57% off,https://www.flipkart.com/french-connection-sneakers-men/p/itmfeqdgzfrasm6v?pid=SHOFE6AU3UHWKZGW&lid=LSTSHOFE6AU3UHWKZGWB1ZCBC&marketplace=FLIPKART&srno=s_3_100&otracker=search&otracker1=search&fm=organic&iid=en_oTjubeuw%2BE7%2B6MAObqcefUusWfHpS8mnqcFmHJOeO5SpodRjCCP0kWjXA%2FXwNrFdkVsaAOP0QG9UKvG4VN%2B12w%3D%3D&ssid=15jzp1qfuo0000001611754414942&qH=a1743c0d39461290
