,Product_Name,Image_URL,Average_Rating,Price,Product_link
1,"Oppo A31 (Mystery Black, 6GB RAM, 128GB Storage) with No Cost EMI/Additional Exchange Offers",https://m.media-amazon.com/images/I/71KCwNV6MuL._AC_UY218_.jpg,4 out of 5,"₹ 13,990.00",https://www.amazon.in/gp/slredirect/picassoRedirect.html/ref=pa_sp_atf_aps_sr_pg1_1?ie=UTF8&adId=A0679328GVLK4Q8UB1NF&url=%2FOppo-Mystery-Storage-Additional-Exchange%2Fdp%2FB08444S68L%2Fref%3Dsr_1_1_sspa%3Fdchild%3D1%26keywords%3DMobile%2BPhone%2BUnder%2B20000%2BRupees%26qid%3D1610967521%26sr%3D8-1-spons%26psc%3D1&qualifier=1610967521&id=6964438832117741&widgetName=sp_atf
2,"Oppo A31 (Fantasy White, 6GB RAM, 128GB Storage) with No Cost EMI/Additional Exchange Offers",https://m.media-amazon.com/images/I/61CnyJ-IbML._AC_UY218_.jpg,4.1 out of 5,"₹ 13,990.00",https://www.amazon.in/gp/slredirect/picassoRedirect.html/ref=pa_sp_atf_aps_sr_pg1_1?ie=UTF8&adId=A06798522N7WO2S4C9U95&url=%2FOppo-Fantasy-Storage-Additional-Exchange%2Fdp%2FB08444SXZ6%2Fref%3Dsr_1_2_sspa%3Fdchild%3D1%26keywords%3DMobile%2BPhone%2BUnder%2B20000%2BRupees%26qid%3D1610967521%26sr%3D8-2-spons%26psc%3D1&qualifier=1610967521&id=6964438832117741&widgetName=sp_atf
3,"Redmi 9 (Sky Blue, 4GB RAM, 64GB Storage)",https://m.media-amazon.com/images/I/71uZrDPrsRL._AC_UY218_.jpg,4 out of 5,"₹ 8,999.00",https://www.amazon.in/Redmi-Sky-Blue-64GB-Storage/dp/B08697N43N/ref=sr_1_3?dchild=1&keywords=Mobile+Phone+Under+20000+Rupees&qid=1610967521&sr=8-3
4,"Samsung Galaxy M01 (Blue, 3GB RAM, 32GB Storage) with No Cost EMI/Additional Exchange Offers",https://m.media-amazon.com/images/I/81o1rDu5FZL._AC_UY218_.jpg,3.9 out of 5,"₹ 7,499.00",https://www.amazon.in/Samsung-Galaxy-Storage-Additional-Exchange/dp/B086KCDGTQ/ref=sr_1_4?dchild=1&keywords=Mobile+Phone+Under+20000+Rupees&qid=1610967521&sr=8-4
5,"Panasonic Eluga i7 (2GB RAM, 16GB Storage, Finger Print Sensor, 4000mAh Battery) (Black)",https://m.media-amazon.com/images/I/41QsvcpKaZL._AC_UY218_.jpg,2.9 out of 5,"₹ 5,000.00",https://www.amazon.in/Panasonic-Storage-Finger-4000mAh-Battery/dp/B08BV2T63X/ref=sr_1_5?dchild=1&keywords=Mobile+Phone+Under+20000+Rupees&qid=1610967521&sr=8-5
6,"Samsung Galaxy M01 (Black, 3GB RAM, 32GB Storage) with No Cost EMI/Additional Exchange Offers",https://m.media-amazon.com/images/I/81onqHVeECL._AC_UY218_.jpg,3.9 out of 5,"₹ 7,499.00",https://www.amazon.in/Samsung-Galaxy-Storage-Additional-Exchange/dp/B086KCCMCP/ref=sr_1_6?dchild=1&keywords=Mobile+Phone+Under+20000+Rupees&qid=1610967521&sr=8-6
7,"Samsung Galaxy M31 (Ocean Blue, 6GB RAM, 128GB Storage)",https://m.media-amazon.com/images/I/71-Su4Wr0HL._AC_UY218_.jpg,4.2 out of 5,"₹ 16,499.00",https://www.amazon.in/Samsung-Galaxy-Ocean-128GB-Storage/dp/B07HGGYWL6/ref=sr_1_7?dchild=1&keywords=Mobile+Phone+Under+20000+Rupees&qid=1610967521&sr=8-7
8,"Redmi Note 9 Pro Max (Aurora Blue, 6GB RAM, 64GB Storage)- 64MP Quad Camera & Latest 8nm Snapdragon 720G & Alexa Hands-Free | Upto 12 Months No Cost EMI",https://m.media-amazon.com/images/I/81DvimWN5xL._AC_UY218_.jpg,4.1 out of 5,"₹ 15,999.00",https://www.amazon.in/Test-Exclusive-558/dp/B077PWJRFH/ref=sr_1_8?dchild=1&keywords=Mobile+Phone+Under+20000+Rupees&qid=1610967521&sr=8-8
9,"Redmi 8A Dual (Sea Blue, 3GB RAM, 32GB Storage) – Dual Cameras & 5,000 mAH Battery",https://m.media-amazon.com/images/I/71yXShgxvpL._AC_UY218_.jpg,4 out of 5,"₹ 7,999.00",https://www.amazon.in/Redmi-8A-Dual-Blue-Storage/dp/B07WPVLKPW/ref=sr_1_9?dchild=1&keywords=Mobile+Phone+Under+20000+Rupees&qid=1610967521&sr=8-9
10,"Redmi 9A (Sea Blue, 2GB Ram, 32GB Storage)",https://m.media-amazon.com/images/I/71sxX9aLtnL._AC_UY218_.jpg,4.1 out of 5,"₹ 6,999.00",https://www.amazon.in/Redmi-9A-2GB-32GB-Storage/dp/B086978F2L/ref=sr_1_10?dchild=1&keywords=Mobile+Phone+Under+20000+Rupees&qid=1610967521&sr=8-10
11,"OPPO A15s (Fancy White, 4GB RAM, 64GB Storage)",https://m.media-amazon.com/images/I/71UnRvRqfxL._AC_UY218_.jpg,3.2 out of 5,"₹ 11,490.00",https://www.amazon.in/gp/slredirect/picassoRedirect.html/ref=pa_sp_mtf_aps_sr_pg1_1?ie=UTF8&adId=A0686904FE92QMOI0HJS&url=%2FTest-TST_Exclusive1004-Exclusive-1004%2Fdp%2FB08444Z7QM%2Fref%3Dsr_1_11_sspa%3Fdchild%3D1%26keywords%3DMobile%2BPhone%2BUnder%2B20000%2BRupees%26qid%3D1610967521%26sr%3D8-11-spons%26psc%3D1&qualifier=1610967521&id=6964438832117741&widgetName=sp_mtf
12,"OPPO A15 (Mystery Blue, 3GB RAM, 32GB Storage)",https://m.media-amazon.com/images/I/71y3aWvOucL._AC_UY218_.jpg,4 out of 5,"₹ 9,990.00",https://www.amazon.in/gp/slredirect/picassoRedirect.html/ref=pa_sp_mtf_aps_sr_pg1_1?ie=UTF8&adId=A05205903GVSAR640D735&url=%2FTest-TST_Exclusive1018-Exclusive-1018%2Fdp%2FB08445GY29%2Fref%3Dsr_1_12_sspa%3Fdchild%3D1%26keywords%3DMobile%2BPhone%2BUnder%2B20000%2BRupees%26qid%3D1610967521%26sr%3D8-12-spons%26psc%3D1&qualifier=1610967521&id=6964438832117741&widgetName=sp_mtf
13,"Samsung Galaxy M01 Core (Blue, 2GB RAM, 32GB Storage) with No Cost EMI/Additional Exchange Offers",https://m.media-amazon.com/images/I/71ahT-X2FgL._AC_UY218_.jpg,3.4 out of 5,"₹ 5,999.00",https://www.amazon.in/Samsung-Galaxy-Storage-Additional-Exchange/dp/B089MV96RW/ref=sr_1_13?dchild=1&keywords=Mobile+Phone+Under+20000+Rupees&qid=1610967521&sr=8-13
14,"Redmi 9A (Nature Green, 2GB Ram, 32GB Storage)",https://m.media-amazon.com/images/I/710fuhtgISL._AC_UY218_.jpg,4.1 out of 5,"₹ 6,999.00",https://www.amazon.in/Redmi-9A-2GB-32GB-Storage/dp/B08696XB4B/ref=sr_1_14?dchild=1&keywords=Mobile+Phone+Under+20000+Rupees&qid=1610967521&sr=8-14
15,"Samsung Galaxy M01 Core (Black, 2GB RAM, 32GB Storage) with No Cost EMI/Additional Exchange Offers",https://m.media-amazon.com/images/I/71AYb2AGHXL._AC_UY218_.jpg,3.4 out of 5,"₹ 5,999.00",https://www.amazon.in/Samsung-Galaxy-Storage-Additional-Exchange/dp/B089MQ622N/ref=sr_1_15?dchild=1&keywords=Mobile+Phone+Under+20000+Rupees&qid=1610967521&sr=8-15
16,"Redmi Note 9 Pro (Interstellar Black, 4GB RAM, 64GB Storage)- Latest 8nm Snapdragon 720G & Alexa Hands-Free | Upto 6 Months No Cost EMI",https://m.media-amazon.com/images/I/91Lr-OxVKjL._AC_UY218_.jpg,4.2 out of 5,"₹ 12,999.00",https://www.amazon.in/Redmi-Note-Pro-Interstellar-Snapdragon/dp/B077PWBC78/ref=sr_1_16?dchild=1&keywords=Mobile+Phone+Under+20000+Rupees&qid=1610967521&sr=8-16
17,"Samsung Galaxy M21 (Midnight Blue, 4GB RAM, 64GB Storage)",https://m.media-amazon.com/images/I/71dujTTJDZL._AC_UY218_.jpg,4.2 out of 5,"₹ 13,999.00",https://www.amazon.in/Samsung-Galaxy-Midnight-Blue-Storage/dp/B07HGJJ559/ref=sr_1_17?dchild=1&keywords=Mobile+Phone+Under+20000+Rupees&qid=1610967521&sr=8-17
18,"Samsung Galaxy M01 Core (Red, 2GB RAM, 32GB Storage) with No Cost EMI/Additional Exchange Offers",https://m.media-amazon.com/images/I/71UZfRHB7UL._AC_UY218_.jpg,3.4 out of 5,"₹ 5,999.00",https://www.amazon.in/Samsung-Galaxy-Storage-Additional-Exchange/dp/B089MQ6XLH/ref=sr_1_18?dchild=1&keywords=Mobile+Phone+Under+20000+Rupees&qid=1610967521&sr=8-18
19,"Samsung Galaxy M01 Core (Blue, 1GB RAM, 16GB Storage) with No Cost EMI/Additional Exchange Offers",https://m.media-amazon.com/images/I/71ahT-X2FgL._AC_UY218_.jpg,3.4 out of 5,"₹ 4,999.00",https://www.amazon.in/Samsung-Galaxy-Storage-Additional-Exchange/dp/B089MS3GLM/ref=sr_1_19?dchild=1&keywords=Mobile+Phone+Under+20000+Rupees&qid=1610967521&sr=8-19
20,"I KALL K260 Smartphone (5.5 Inch, 2GB, 16GB) (Purple)",https://m.media-amazon.com/images/I/61zLBhi0ncL._AC_UY218_.jpg,NA,"₹ 4,499.00",https://www.amazon.in/KALL-K260-Smartphone-Inch-Purple/dp/B08SW4VTKP/ref=sr_1_20?dchild=1&keywords=Mobile+Phone+Under+20000+Rupees&qid=1610967521&sr=8-20
21,"OPPO A15 (Dynamic Black, 3GB RAM, 32GB Storage)",https://m.media-amazon.com/images/I/71maXizzu8L._AC_UY218_.jpg,4 out of 5,"₹ 9,990.00",https://www.amazon.in/gp/slredirect/picassoRedirect.html/ref=pa_sp_atf_next_aps_sr_pg2_1?ie=UTF8&adId=A052074624B0UAPD3E8PQ&url=%2FTest-TST_Exclusive1020-Exclusive-1020%2Fdp%2FB0844516JL%2Fref%3Dsr_1_17_sspa%3Fdchild%3D1%26keywords%3DMobile%2BPhone%2BUnder%2B20000%2BRupees%26qid%3D1610967521%26sr%3D8-17-spons%26psc%3D1&qualifier=1610967526&id=8072277518656554&widgetName=sp_atf_next
22,"Samsung Galaxy M01 Core (Black, 1GB RAM, 16GB Storage) with No Cost EMI/Additional Exchange Offers",https://m.media-amazon.com/images/I/71AYb2AGHXL._AC_UY218_.jpg,3.4 out of 5,"₹ 4,999.00",https://www.amazon.in/Samsung-Galaxy-Storage-Additional-Exchange/dp/B089MTL51J/ref=sr_1_18?dchild=1&keywords=Mobile+Phone+Under+20000+Rupees&qid=1610967521&sr=8-18
23,"Redmi Note 9 (Pebble Grey, 4GB RAM 64GB Storage) - 48MP Quad Camera & Full HD+ Display",https://m.media-amazon.com/images/I/81mtDLql+XL._AC_UY218_.jpg,4.2 out of 5,"₹ 11,999.00",https://www.amazon.in/Redmi-Note-Pebble-Grey-Storage/dp/B086977TR6/ref=sr_1_19?dchild=1&keywords=Mobile+Phone+Under+20000+Rupees&qid=1610967521&sr=8-19
24,"OPPO A5S (Black, 3GB RAM, 32GB Storage) With No Cost EMI/Additional Exchange Offers",https://m.media-amazon.com/images/I/71ZU4VsevqL._AC_UY218_.jpg,4.1 out of 5,"₹ 8,990.00",https://www.amazon.in/Black-Storage-Additional-Exchange-Offers/dp/B07PP2K69Z/ref=sr_1_20?dchild=1&keywords=Mobile+Phone+Under+20000+Rupees&qid=1610967521&sr=8-20
25,"I KALL K1000 Smartphone (4GB, 64GB, 4G Volte) (Blue)",https://m.media-amazon.com/images/I/71ncuZjHepL._AC_UY218_.jpg,NA,"₹ 5,499.00",https://www.amazon.in/KALL-K1000-Smartphone-64GB-Volte/dp/B08SRDB3S2/ref=sr_1_21?dchild=1&keywords=Mobile+Phone+Under+20000+Rupees&qid=1610967521&sr=8-21
26,"Redmi 8A Dual (Sky White, 3GB RAM, 64GB Storage) – Dual Cameras & 5,000 mAH Battery",https://m.media-amazon.com/images/I/710p2f-zAdL._AC_UY218_.jpg,4 out of 5,"₹ 7,999.00",https://www.amazon.in/Redmi-8A-Dual-White-Storage/dp/B086977J48/ref=sr_1_22?dchild=1&keywords=Mobile+Phone+Under+20000+Rupees&qid=1610967521&sr=8-22
27,"Samsung Galaxy M01s (Blue, 3GB RAM, 32GB Storage) with No Cost EMI/Additional Exchange Offers",https://m.media-amazon.com/images/I/712MlLutKGL._AC_UY218_.jpg,4.1 out of 5,"₹ 8,999.00",https://www.amazon.in/Samsung-Galaxy-Storage-Additional-Exchange/dp/B089MS4LGT/ref=sr_1_23?dchild=1&keywords=Mobile+Phone+Under+20000+Rupees&qid=1610967521&sr=8-23
28,"Redmi 9 (Sporty Orange, 4GB RAM, 128GB Storage)",https://m.media-amazon.com/images/I/61Kov7PY9VL._AC_UY218_.jpg,4 out of 5,"₹ 9,999.00",https://www.amazon.in/Test-Dummy_March_2020_88-Black-128BG-Storage/dp/B086978F2S/ref=sr_1_24?dchild=1&keywords=Mobile+Phone+Under+20000+Rupees&qid=1610967521&sr=8-24
29,"Redmi 9 (Sky Blue, 4GB RAM, 128GB Storage)",https://m.media-amazon.com/images/I/51e+szfo7uL._AC_UY218_.jpg,4 out of 5,"₹ 9,999.00",https://www.amazon.in/Test-Dummy_March_2020_87-Black-128BG-Storage/dp/B086984LJV/ref=sr_1_25?dchild=1&keywords=Mobile+Phone+Under+20000+Rupees&qid=1610967521&sr=8-25
30,"Samsung Galaxy M21 (Raven Black, 4GB RAM, 64GB Storage)",https://m.media-amazon.com/images/I/71QLvGIAq5L._AC_UY218_.jpg,4.2 out of 5,"₹ 13,999.00",https://www.amazon.in/Samsung-Galaxy-Raven-Black-Storage/dp/B07HGH8D2R/ref=sr_1_26?dchild=1&keywords=Mobile+Phone+Under+20000+Rupees&qid=1610967521&sr=8-26
31,"I KALL K300 4G Mobile (6.53 HD+, 64GB Storage) (Blue)",https://m.media-amazon.com/images/I/51+RYO1-MSL._AC_UY218_.jpg,NA,"₹ 6,699.00",https://www.amazon.in/KALL-K300-Smartphone-6-53-Storage/dp/B08SW7VWJ8/ref=sr_1_27?dchild=1&keywords=Mobile+Phone+Under+20000+Rupees&qid=1610967521&sr=8-27
32,"I KALL K1000 Smartphone (4GB, 64GB, 4G Volte) (Green)",https://m.media-amazon.com/images/I/71Za2BtGZ8L._AC_UY218_.jpg,NA,"₹ 5,499.00",https://www.amazon.in/KALL-K1000-Smartphone-Volte-Green/dp/B08SQWLPZL/ref=sr_1_28?dchild=1&keywords=Mobile+Phone+Under+20000+Rupees&qid=1610967521&sr=8-28
33,"I KALL K280 Smartphone (6.26 Inch, 32GB) (Black)",https://m.media-amazon.com/images/I/61t-DFZ378L._AC_UY218_.jpg,NA,"₹ 5,799.00",https://www.amazon.in/KALL-K280-Smartphone-6-26-Black/dp/B08SJY64X8/ref=sr_1_29?dchild=1&keywords=Mobile+Phone+Under+20000+Rupees&qid=1610967521&sr=8-29
34,"I KALL K260 Smartphone (5.5 Inch, 2GB, 16GB) (Green)",https://m.media-amazon.com/images/I/61WSWSUq6xL._AC_UY218_.jpg,NA,"₹ 4,499.00",https://www.amazon.in/KALL-K260-Smartphone-Inch-Green/dp/B08SVXR7VW/ref=sr_1_30?dchild=1&keywords=Mobile+Phone+Under+20000+Rupees&qid=1610967521&sr=8-30
35,"I KALL K4+ Smartphone (4GB, 64GB) (Blue)",https://m.media-amazon.com/images/I/61GAFSlKhDL._AC_UY218_.jpg,NA,"₹ 5,499.00",https://www.amazon.in/KALL-K4-Smartphone-64GB-Blue/dp/B08SR67F3Z/ref=sr_1_31?dchild=1&keywords=Mobile+Phone+Under+20000+Rupees&qid=1610967521&sr=8-31
36,"I KALL K4+ Smartphone (4GB, 64GB) (Green)",https://m.media-amazon.com/images/I/61RLkHfGCaL._AC_UY218_.jpg,NA,"₹ 5,499.00",https://www.amazon.in/KALL-K4-Smartphone-64GB-Green/dp/B08SQK2853/ref=sr_1_32?dchild=1&keywords=Mobile+Phone+Under+20000+Rupees&qid=1610967521&sr=8-32
37,"Samsung Galaxy M31s (Mirage Blue, 6GB RAM, 128GB Storage)",https://m.media-amazon.com/images/I/61d-phh4GfL._AC_UY218_.jpg,4.3 out of 5,"₹ 19,499.00",https://www.amazon.in/Samsung-Galaxy-Mirage-128GB-Storage/dp/B07DJCJBB3/ref=sr_1_33?dchild=1&keywords=Mobile+Phone+Under+20000+Rupees&qid=1610967521&sr=8-33
38,"Samsung Galaxy M31 (Space Black, 6GB RAM, 128GB Storage)",https://m.media-amazon.com/images/I/71OxJeyywSL._AC_UY218_.jpg,4.2 out of 5,"₹ 16,499.00",https://www.amazon.in/Samsung-Galaxy-Space-Black-Storage/dp/B07HGN617M/ref=sr_1_33?dchild=1&keywords=Mobile+Phone+Under+20000+Rupees&qid=1610967526&sr=8-33
39,"I KALL K3 Smartphone (2GB, 16GB) (Red)",https://m.media-amazon.com/images/I/51nekkqw9qL._AC_UY218_.jpg,NA,"₹ 4,850.00",https://www.amazon.in/KALL-K3-Smartphone-2GB-16GB/dp/B08SQD4XVY/ref=sr_1_34?dchild=1&keywords=Mobile+Phone+Under+20000+Rupees&qid=1610967526&sr=8-34
40,"Samsung Galaxy M21 (Midnight Blue, 6GB RAM, 128GB Storage)",https://m.media-amazon.com/images/I/71dujTTJDZL._AC_UY218_.jpg,4.2 out of 5,"₹ 15,999.00",https://www.amazon.in/Samsung-Galaxy-Midnight-128GB-Storage/dp/B07HGH88GL/ref=sr_1_35?dchild=1&keywords=Mobile+Phone+Under+20000+Rupees&qid=1610967526&sr=8-35
41,"Vivo Y91i (Ocean Blue, 3GB RAM, 32GB Storage) with No Cost EMI/Additional Exchange Offers",https://m.media-amazon.com/images/I/51-T19jXchL._AC_UY218_.jpg,4.1 out of 5,"₹ 8,490.00",https://www.amazon.in/Vivo-Storage-Additional-Exchange-Offers/dp/B086KF2QYN/ref=sr_1_36?dchild=1&keywords=Mobile+Phone+Under+20000+Rupees&qid=1610967526&sr=8-36
42,"I KALL K280 Smartphone (6.26 Inch, 32GB) (Grey)",https://m.media-amazon.com/images/I/61poTMOhALL._AC_UY218_.jpg,NA,"₹ 5,799.00",https://www.amazon.in/KALL-K280-Smartphone-6-26-Inch/dp/B08SJXS8G2/ref=sr_1_37?dchild=1&keywords=Mobile+Phone+Under+20000+Rupees&qid=1610967526&sr=8-37
43,"Redmi Note 9 Pro (Aurora Blue, 4GB RAM, 64GB Storage) - Latest 8nm Snapdragon 720G & Alexa Hands-Free | Upto 6 Months No Cost EMI",https://m.media-amazon.com/images/I/81pzsRpE5GL._AC_UY218_.jpg,4.2 out of 5,"₹ 12,999.00",https://www.amazon.in/Test-Exclusive-550/dp/B077Q7GW9V/ref=sr_1_38?dchild=1&keywords=Mobile+Phone+Under+20000+Rupees&qid=1610967526&sr=8-38
44,"Samsung Galaxy M01 Core (Red, 1GB RAM, 16GB Storage) with No Cost EMI/Additional Exchange Offers",https://m.media-amazon.com/images/I/71UZfRHB7UL._AC_UY218_.jpg,3.4 out of 5,"₹ 4,999.00",https://www.amazon.in/Samsung-Galaxy-Storage-Additional-Exchange/dp/B089MSCW8V/ref=sr_1_39?dchild=1&keywords=Mobile+Phone+Under+20000+Rupees&qid=1610967526&sr=8-39
45,"Redmi Note 9 Pro (Glacier White, 4GB RAM, 64GB Storage) - Latest 8nm Snapdragon 720G & Alexa Hands-Free | Upto 6 Months No Cost EMI",https://m.media-amazon.com/images/I/81rpzlanj1L._AC_UY218_.jpg,4.2 out of 5,"₹ 12,999.00",https://www.amazon.in/Test-Exclusive-551/dp/B0784D862L/ref=sr_1_40?dchild=1&keywords=Mobile+Phone+Under+20000+Rupees&qid=1610967526&sr=8-40
46,"Redmi 9A (Nature Green, 3GB Ram, 32GB Storage)",https://m.media-amazon.com/images/I/710fuhtgISL._AC_UY218_.jpg,4.1 out of 5,"₹ 7,499.00",https://www.amazon.in/Redmi-9A-3GB-32GB-Storage/dp/B08697N43M/ref=sr_1_41?dchild=1&keywords=Mobile+Phone+Under+20000+Rupees&qid=1610967526&sr=8-41
47,"I KALL K3 Smartphone (2GB, 16GB) (Blue)",https://m.media-amazon.com/images/I/51CKjuljjJL._AC_UY218_.jpg,NA,"₹ 4,850.00",https://www.amazon.in/KALL-K3-Smartphone-16GB-Blue/dp/B08SQ13DWK/ref=sr_1_42?dchild=1&keywords=Mobile+Phone+Under+20000+Rupees&qid=1610967526&sr=8-42
48,"Redmi 8A Dual (Midnight Grey, 3GB RAM, 32GB Storage) – Dual Cameras & 5,000 mAH Battery",https://m.media-amazon.com/images/I/71h+C9wJCjL._AC_UY218_.jpg,4 out of 5,"₹ 7,999.00",https://www.amazon.in/Redmi-8A-Dual-Midnight-Storage/dp/B07X2KKXNW/ref=sr_1_43?dchild=1&keywords=Mobile+Phone+Under+20000+Rupees&qid=1610967526&sr=8-43
49,"Vivo Y91i (Ocean Blue, 2GB RAM, 32GB Storage) with No Cost EMI/Additional Exchange Offers",https://m.media-amazon.com/images/I/51FnmxwFHDL._AC_UY218_.jpg,4.1 out of 5,"₹ 7,990.00",https://www.amazon.in/Vivo-Storage-Additional-Exchange-Offers/dp/B07KXCKPZZ/ref=sr_1_44?dchild=1&keywords=Mobile+Phone+Under+20000+Rupees&qid=1610967526&sr=8-44
50,"Oppo A31 (Mystery Black, 6GB RAM, 128GB Storage) with No Cost EMI/Additional Exchange Offers",https://m.media-amazon.com/images/I/71KCwNV6MuL._AC_UY218_.jpg,4 out of 5,"₹ 13,990.00",https://www.amazon.in/Oppo-Mystery-Storage-Additional-Exchange/dp/B08444S68L/ref=sr_1_45?dchild=1&keywords=Mobile+Phone+Under+20000+Rupees&qid=1610967526&sr=8-45
51,"Coolpad Cool 5 (Gradient Blue, 4GB RAM, 64GB Storage)",https://m.media-amazon.com/images/I/61TYVblS44L._AC_UY218_.jpg,3.1 out of 5,"₹ 7,999.00",https://www.amazon.in/Coolpad-Cool-Gradient-Blue-Storage/dp/B07XC644PR/ref=sr_1_46?dchild=1&keywords=Mobile+Phone+Under+20000+Rupees&qid=1610967526&sr=8-46
52,"Vivo U10 (Thunder Black,5000 mAH 18W Fast Charge Battery, 3GB RAM, 32GB Storage)",https://m.media-amazon.com/images/I/51EnyMldjGL._AC_UY218_.jpg,4.3 out of 5,"₹ 9,990.00",https://www.amazon.in/Test-Exclusive-738/dp/B07DJL15MJ/ref=sr_1_47?dchild=1&keywords=Mobile+Phone+Under+20000+Rupees&qid=1610967526&sr=8-47
53,"I KALL K320 4G Dual Sim Smart Phone (Blue, 4GB RAM, 64GB Storage, 6.53 Inch)",https://m.media-amazon.com/images/I/31iXw49XvJL._AC_UY218_.jpg,NA,"₹ 6,699.00",https://www.amazon.in/KALL-K320-Smart-Phone-Storage/dp/B08SHNBPZ4/ref=sr_1_48?dchild=1&keywords=Mobile+Phone+Under+20000+Rupees&qid=1610967526&sr=8-48
54,I KALL K2 Plus (64GB) (Ocean Blue),https://m.media-amazon.com/images/I/61dQbLY31oL._AC_UY218_.jpg,5 out of 5,"₹ 5,399.00",https://www.amazon.in/KALL-K2-Plus-64GB-Ocean/dp/B08SBRKJDJ/ref=sr_1_49?dchild=1&keywords=Mobile+Phone+Under+20000+Rupees&qid=1610967530&sr=8-49
55,"Maplin Ismart Jumbo 5.99"" (2 GB 16 GB) Smartphone (Red)",https://m.media-amazon.com/images/I/71K+pKr00HL._AC_UY218_.jpg,NA,"₹ 4,788.00",https://www.amazon.in/Maplin-Ismart-Jumbo-5-99-Smartphone/dp/B08T1WSQ7Z/ref=sr_1_50?dchild=1&keywords=Mobile+Phone+Under+20000+Rupees&qid=1610967530&sr=8-50
56,"Vivo Y91i (Fusion Black, 2GB RAM, 32GB Storage) with No Cost EMI/Additional Exchange Offers",https://m.media-amazon.com/images/I/51ZoulFBPGL._AC_UY218_.jpg,4.2 out of 5,"₹ 7,990.00",https://www.amazon.in/Vivo-Fusion-Storage-Additional-Exchange/dp/B07KX1S161/ref=sr_1_51?dchild=1&keywords=Mobile+Phone+Under+20000+Rupees&qid=1610967530&sr=8-51
57,"I KALL K5 Smartphone (2GB, 16GB)",https://m.media-amazon.com/images/I/51MWwWaLjnL._AC_UY218_.jpg,NA,"₹ 4,399.00",https://www.amazon.in/KALL-K5-Smartphone-2GB-16GB/dp/B08SQBKP1J/ref=sr_1_52?dchild=1&keywords=Mobile+Phone+Under+20000+Rupees&qid=1610967530&sr=8-52
58,"I KALL K280 4G Dual Sim Smart Phone (Black, 3GB RAM, 32GB Storage, 6.26 Inch)",https://m.media-amazon.com/images/I/31gsWy2CieL._AC_UY218_.jpg,NA,"₹ 5,799.00",https://www.amazon.in/K280-Smart-Phone-Black-Storage/dp/B08SJ87FD9/ref=sr_1_53?dchild=1&keywords=Mobile+Phone+Under+20000+Rupees&qid=1610967530&sr=8-53
59,"Maplin Ismart Jumbo 5.99"" (2 GB 16 GB) Smartphone (Green)",https://m.media-amazon.com/images/I/71NlayjQJcL._AC_UY218_.jpg,NA,"₹ 4,788.00",https://www.amazon.in/Maplin-Ismart-Jumbo-Smartphone-Green/dp/B08T1TJPWT/ref=sr_1_54?dchild=1&keywords=Mobile+Phone+Under+20000+Rupees&qid=1610967530&sr=8-54
60,"TECNO Spark 5 (Ice Jadeite, 2GB RAM, 32GB Storage)",https://m.media-amazon.com/images/I/71frzZleFlL._AC_UY218_.jpg,4.1 out of 5,"₹ 7,911.00",https://www.amazon.in/TECNO-Spark-Jadeite-32GB-Storage/dp/B087K7ZFB6/ref=sr_1_55?dchild=1&keywords=Mobile+Phone+Under+20000+Rupees&qid=1610967530&sr=8-55
61,"Maplin Ismart Epic 4G Volte (2GB RAM, 16GB Storage) Mobile Phone (Red Black)",https://m.media-amazon.com/images/I/71PJ-1nflfL._AC_UY218_.jpg,NA,"₹ 4,888.00",https://www.amazon.in/Maplin-Ismart-Volte-Storage-Mobile/dp/B08T1L4JBW/ref=sr_1_56?dchild=1&keywords=Mobile+Phone+Under+20000+Rupees&qid=1610967530&sr=8-56
62,"SHIVANSH BLU Studio G2 Sports a 5-inch Display, 1.3 GHz Processor Phone 4g Volte Smartphone jio Working Color (Assorted)",https://m.media-amazon.com/images/I/21WuurPJGPL._AC_UY218_.jpg,4 out of 5,"₹ 3,390.00",https://www.amazon.in/SHIVANSH-BLU-Studio-G2-Smartphone/dp/B08LVP1GBY/ref=sr_1_57?dchild=1&keywords=Mobile+Phone+Under+20000+Rupees&qid=1610967530&sr=8-57
63,"Redmi 9 Prime (Mint Green, 4GB RAM, 64GB Storage)- Full HD+ Display & AI Quad Camera",https://m.media-amazon.com/images/I/710qEb8G3gL._AC_UY218_.jpg,4.2 out of 5,"₹ 9,999.00",https://www.amazon.in/Redmi-Prime-Storage-Display-Camera/dp/B08697MJDK/ref=sr_1_58?dchild=1&keywords=Mobile+Phone+Under+20000+Rupees&qid=1610967530&sr=8-58
64,"Lenovo A7 (Black, 4GB RAM, 64GB Storage, 4000mAh Battery)",https://m.media-amazon.com/images/I/317jmcaI6PL._AC_UY218_.jpg,3.4 out of 5,"₹ 7,952.00",https://www.amazon.in/Lenovo-Black-Storage-4000mAh-Battery/dp/B08H1V21HK/ref=sr_1_59?dchild=1&keywords=Mobile+Phone+Under+20000+Rupees&qid=1610967530&sr=8-59
65,Lava Pulse Mobile Phone - with BP & Heart Rate Monitor (Gold),https://m.media-amazon.com/images/I/613KWXMGG4L._AC_UY218_.jpg,3.5 out of 5,"₹ 1,595.00",https://www.amazon.in/Lava-Pulse-Mobile-Phone-Monitor/dp/B08D13VKH6/ref=sr_1_60?dchild=1&keywords=Mobile+Phone+Under+20000+Rupees&qid=1610967530&sr=8-60
66,"Samsung Galaxy M31 (Ocean Blue, 6GB RAM, 64GB Storage)",https://m.media-amazon.com/images/I/71-Su4Wr0HL._AC_UY218_.jpg,4.2 out of 5,"₹ 15,999.00",https://www.amazon.in/Samsung-Galaxy-Ocean-Blue-Storage/dp/B07HGJKDQL/ref=sr_1_61?dchild=1&keywords=Mobile+Phone+Under+20000+Rupees&qid=1610967530&sr=8-61
67,"I KALL K260 Smartphone (5.5 Inch, 2GB, 16GB) (Blue)",https://m.media-amazon.com/images/I/61ckwXXrBSL._AC_UY218_.jpg,NA,"₹ 4,499.00",https://www.amazon.in/KALL-K260-Smartphone-Inch-16GB/dp/B08SVMTBNV/ref=sr_1_62?dchild=1&keywords=Mobile+Phone+Under+20000+Rupees&qid=1610967530&sr=8-62
68,"Nokia 2.4 Android 10 Smartphone with Large HD+ Screen, Night Mode and Portrait Mode, 2-Day Battery Life | Fjord Colour",https://m.media-amazon.com/images/I/71KoXfQOjYL._AC_UY218_.jpg,4.5 out of 5,"₹ 10,399.00",https://www.amazon.in/Test-Exclusive242_Sep19/dp/B07XD2G5BP/ref=sr_1_63?dchild=1&keywords=Mobile+Phone+Under+20000+Rupees&qid=1610967530&sr=8-63
69,Blackberry Z10 (Black),https://m.media-amazon.com/images/I/511ZJBdWUAL._AC_UY218_.jpg,3.4 out of 5,"₹ 6,499.00",https://www.amazon.in/BlackBerry-Z10-Blackberry-Black/dp/B01I6SCK6E/ref=sr_1_64?dchild=1&keywords=Mobile+Phone+Under+20000+Rupees&qid=1610967530&sr=8-64
70,"Samsung Galaxy M11 (Black, 4GB RAM, 64GB Storage) with No Cost EMI/Additional Exchange Offers",https://m.media-amazon.com/images/I/71K413NPv9L._AC_UY218_.jpg,4.1 out of 5,"₹ 11,999.00",https://www.amazon.in/Samsung-Galaxy-Storage-Additional-Exchange/dp/B086KDZGVK/ref=sr_1_65?dchild=1&keywords=Mobile+Phone+Under+20000+Rupees&qid=1610967534&sr=8-65
71,"Vivo Y12s (Glacier Blue, 3GB, 32GB) with No Cost EMI/Additional Exchange Offers",https://m.media-amazon.com/images/I/71MeL149KBL._AC_UY218_.jpg,5 out of 5,"₹ 9,990.00",https://www.amazon.in/Vivo-Y12s-Glacier-Additional-Exchange/dp/B08LRCM9L9/ref=sr_1_66?dchild=1&keywords=Mobile+Phone+Under+20000+Rupees&qid=1610967534&sr=8-66
72,"Nokia 2.4 Android 10 Smartphone with Large HD+ Screen, Night Mode and Portrait Mode, 2-Day Battery Life | Charcoal Colour",https://m.media-amazon.com/images/I/61SsbmaTJPL._AC_UY218_.jpg,4.5 out of 5,"₹ 10,399.00",https://www.amazon.in/Test-Exclusive240_Sep19/dp/B07XBYPBWD/ref=sr_1_67?dchild=1&keywords=Mobile+Phone+Under+20000+Rupees&qid=1610967534&sr=8-67
73,"Vivo Y20i (Nebula Blue, 3GB RAM, 64GB Storage) with No Cost EMI/Additional Exchange Offers",https://m.media-amazon.com/images/I/71INGYhIf0L._AC_UY218_.jpg,4.1 out of 5,"₹ 11,490.00",https://www.amazon.in/Vivo-Nebula-Storage-Additional-Exchange/dp/B089MQ7JQ3/ref=sr_1_68?dchild=1&keywords=Mobile+Phone+Under+20000+Rupees&qid=1610967534&sr=8-68
74,"Vivo Y50 (Pearl White, 8GB RAM, 128GB Storage) with No Cost EMI/Additional Exchange Offers",https://m.media-amazon.com/images/I/514ETCdN3CL._AC_UY218_.jpg,4.1 out of 5,"₹ 16,490.00",https://www.amazon.in/Vivo-Storage-Additional-Exchange-Offers/dp/B086KDZGTZ/ref=sr_1_69?dchild=1&keywords=Mobile+Phone+Under+20000+Rupees&qid=1610967534&sr=8-69
75,"Redmi Note 9 Pro (Aurora Blue, 4GB RAM, 128GB Storage) - Latest 8nm Snapdragon 720G & Alexa Hands-Free | Upto 6 Months No Cost EMI | Extra Upto INR 1000 Off on Exchange",https://m.media-amazon.com/images/I/81pzsRpE5GL._AC_UY218_.jpg,4.2 out of 5,"₹ 14,499.00",https://www.amazon.in/Redmi-Note-Pro-Snapdragon-Protection/dp/B08695ZKFF/ref=sr_1_70?dchild=1&keywords=Mobile+Phone+Under+20000+Rupees&qid=1610967534&sr=8-70
76,KECHAODA K116 Plus Dual SIM Mobile with External Memory Card Slot and VGA Camera (Black),https://m.media-amazon.com/images/I/81tPMjuLLLL._AC_UY218_.jpg,3.7 out of 5,₹ 949.00,https://www.amazon.in/KECHAODA-Mobile-External-Memory-Camera/dp/B074PRJB4P/ref=sr_1_71?dchild=1&keywords=Mobile+Phone+Under+20000+Rupees&qid=1610967534&sr=8-71
77,"OPPO A53 (Fancy Blue, 4GB RAM, 64GB Storage) with No Cost EMI/Additional Exchange Offers",https://m.media-amazon.com/images/I/71QJyXZYPuL._AC_UY218_.jpg,4 out of 5,"₹ 12,990.00",https://www.amazon.in/Fancy-Storage-Additional-Exchange-Offers/dp/B089MTKP2P/ref=sr_1_72?dchild=1&keywords=Mobile+Phone+Under+20000+Rupees&qid=1610967534&sr=8-72
78,"Redmi 9A (Midnight Black, 2GB RAM, 32GB Storage)",https://m.media-amazon.com/images/I/712Ex7xDndL._AC_UY218_.jpg,4.1 out of 5,"₹ 6,999.00",https://www.amazon.in/Redmi-9A-Midnight-2GB-32GB/dp/B08697N43G/ref=sr_1_73?dchild=1&keywords=Mobile+Phone+Under+20000+Rupees&qid=1610967534&sr=8-73
79,"Oppo A31 (Fantasy White, 6GB RAM, 128GB Storage) with No Cost EMI/Additional Exchange Offers",https://m.media-amazon.com/images/I/61CnyJ-IbML._AC_UY218_.jpg,4.1 out of 5,"₹ 13,990.00",https://www.amazon.in/Oppo-Fantasy-Storage-Additional-Exchange/dp/B08444SXZ6/ref=sr_1_74?dchild=1&keywords=Mobile+Phone+Under+20000+Rupees&qid=1610967534&sr=8-74
80,"Xifo Ismart I1 Epic 4G Volte 5.5 Inch Display 4G Smartphone (2GB RAM, 16GB Storage) in Red Black Colour",https://m.media-amazon.com/images/I/81Ka0A81bvL._AC_UY218_.jpg,NA,"₹ 4,210.00",https://www.amazon.in/Xifo-Display-Smartphone-Storage-Black/dp/B08KZM9998/ref=sr_1_75?dchild=1&keywords=Mobile+Phone+Under+20000+Rupees&qid=1610967534&sr=8-75
81,"I KALL K1000 4G Dual Sim Smart Phone (Blue, 4GB RAM, 64GB Storage, 6 Inch)",https://m.media-amazon.com/images/I/31FRyLevp8L._AC_UY218_.jpg,NA,"₹ 5,499.00",https://www.amazon.in/KALL-K1000-Smart-Phone-Storage/dp/B08SJHBMPJ/ref=sr_1_76?dchild=1&keywords=Mobile+Phone+Under+20000+Rupees&qid=1610967534&sr=8-76
82,"Nokia 5.3 Android One Smartphone with Quad Camera, 4 GB RAM and 64 GB Storage - Charcoal",https://m.media-amazon.com/images/I/61L1ItFgFHL._AC_UY218_.jpg,3.7 out of 5,"₹ 11,999.00",https://www.amazon.in/Nokia-5-3-Android-Smartphone-64/dp/B08GT299NQ/ref=sr_1_77?dchild=1&keywords=Mobile+Phone+Under+20000+Rupees&qid=1610967534&sr=8-77
83,"Vivo Y12s (Phantom Black, 3GB, 32GB) with No Cost EMI/Additional Exchange Offers",https://m.media-amazon.com/images/I/71UAi2jwsNL._AC_UY218_.jpg,5 out of 5,"₹ 9,990.00",https://www.amazon.in/Vivo-Y12s-Phantom-Additional-Exchange/dp/B08LRDK8XX/ref=sr_1_78?dchild=1&keywords=Mobile+Phone+Under+20000+Rupees&qid=1610967534&sr=8-78
84,"I KALL K210 Smartphone (5.5 Inch, 2GB Ram,16GB Storage) (Rose Gold)",https://m.media-amazon.com/images/I/61R-EX3JF7L._AC_UY218_.jpg,3 out of 5,"₹ 4,399.00",https://www.amazon.in/KALL-K210-Smartphone-Inch-Storage/dp/B08S3BVNSD/ref=sr_1_79?dchild=1&keywords=Mobile+Phone+Under+20000+Rupees&qid=1610967534&sr=8-79
85,"OPPO F11 (Fluorite Purple, 6GB RAM, 128GB Storage) with No Cost EMI/Additional Exchange Offers",https://m.media-amazon.com/images/I/71qP+fMtbDL._AC_UY218_.jpg,4.3 out of 5,"₹ 14,990.00",https://www.amazon.in/Fluorite-Purple-Storage-Additional-Exchange/dp/B07PTLD8P9/ref=sr_1_80?dchild=1&keywords=Mobile+Phone+Under+20000+Rupees&qid=1610967534&sr=8-80
86,"I KALL K210 Smartphone (5.5 Inch, 2GB Ram,16GB Storage) (Blue)",https://m.media-amazon.com/images/I/61I5nWUY4LL._AC_UY218_.jpg,3 out of 5,"₹ 4,399.00",https://www.amazon.in/KALL-K210-Smartphone-Inch-Storage/dp/B08S36X6HH/ref=sr_1_81?dchild=1&keywords=Mobile+Phone+Under+20000+Rupees&qid=1610967538&sr=8-81
87,(Renewed) Samsung F41 Fusion Blue 6+128GB,https://m.media-amazon.com/images/I/41RzbWS3MDL._AC_UY218_.jpg,NA,"₹ 15,649.00",https://www.amazon.in/Renewed-Samsung-Fusion-Blue-128GB/dp/B08RS6KQ67/ref=sr_1_82?dchild=1&keywords=Mobile+Phone+Under+20000+Rupees&qid=1610967538&sr=8-82
88,"I KALL K1000 4G Dual Sim Smart Phone (Green, 4GB RAM, 64GB Storage, 6 Inch)",https://m.media-amazon.com/images/I/31mFL3d8mdL._AC_UY218_.jpg,NA,"₹ 5,499.00",https://www.amazon.in/K1000-Smart-Phone-Green-Storage/dp/B08SHXGRLD/ref=sr_1_83?dchild=1&keywords=Mobile+Phone+Under+20000+Rupees&qid=1610967538&sr=8-83
89,"I KALL K260 4G Dual Sim Smart Phone (Green, 2GB RAM, 16GB Storage, 5.5 Inch)",https://m.media-amazon.com/images/I/31fEef3F1FL._AC_UY218_.jpg,NA,"₹ 4,599.00",https://www.amazon.in/K260-Smart-Phone-Green-Storage/dp/B08SHZ3WTG/ref=sr_1_84?dchild=1&keywords=Mobile+Phone+Under+20000+Rupees&qid=1610967538&sr=8-84
90,"(Renewed) Panasonic Eluga i7 (2GB RAM, 16GB Storage, Finger Print Sensor, 4000mAh Long Battery, Camera LED Flash) (Black)",https://m.media-amazon.com/images/I/419tymRBxOL._AC_UY218_.jpg,3 out of 5,"₹ 4,499.00",https://www.amazon.in/Renewed-Panasonic-Storage-4000mAh-Battery/dp/B08HL8W1XM/ref=sr_1_85?dchild=1&keywords=Mobile+Phone+Under+20000+Rupees&qid=1610967538&sr=8-85
91,"I KALL K1 4G Dual Sim Smart Phone (Silver, 1GB RAM, 8GB Storage, 5 Inch)",https://m.media-amazon.com/images/I/41gSWh-lOvL._AC_UY218_.jpg,NA,"₹ 3,899.00",https://www.amazon.in/K1-Smart-Phone-Silver-Storage/dp/B08SBS9DDR/ref=sr_1_86?dchild=1&keywords=Mobile+Phone+Under+20000+Rupees&qid=1610967538&sr=8-86
92,Xifo Kekai Eco 4G Smartphone (2GB 16GB) Volte (Jio sim Supported) White,https://m.media-amazon.com/images/I/71U77xjHgdL._AC_UY218_.jpg,NA,"₹ 3,788.00",https://www.amazon.in/Xifo-Kekai-Smartphone-Volte-Supported/dp/B08SC6F2MN/ref=sr_1_87?dchild=1&keywords=Mobile+Phone+Under+20000+Rupees&qid=1610967538&sr=8-87
93,"Samsung Galaxy M11 (Metallic Blue, 3GB RAM, 32GB Storage) with No Cost EMI/Additional Exchange Offers",https://m.media-amazon.com/images/I/71hqi389rcL._AC_UY218_.jpg,4.1 out of 5,"₹ 9,999.00",https://www.amazon.in/Samsung-Metallic-Storage-Additional-Exchange/dp/B086K9YCVN/ref=sr_1_88?dchild=1&keywords=Mobile+Phone+Under+20000+Rupees&qid=1610967538&sr=8-88
94,"I KALL K300 4G Dual Sim Smart Phone (Sky White, 4GB RAM, 64GB Storage, 6.53 Inch)",https://m.media-amazon.com/images/I/41ZBwSbR2bL._AC_UY218_.jpg,NA,"₹ 6,699.00",https://www.amazon.in/K300-Smart-Phone-White-Storage/dp/B08SJCYGV1/ref=sr_1_89?dchild=1&keywords=Mobile+Phone+Under+20000+Rupees&qid=1610967538&sr=8-89
95,"Samsung Galaxy M21 (Iceberg Blue, 4GB RAM, 64GB Storage)",https://m.media-amazon.com/images/I/71vvUDCY4PL._AC_UY218_.jpg,4.2 out of 5,"₹ 13,999.00",https://www.amazon.in/Samsung-Galaxy-Iceberg-Blue-Storage/dp/B085J1JRC7/ref=sr_1_90?dchild=1&keywords=Mobile+Phone+Under+20000+Rupees&qid=1610967538&sr=8-90
96,"Redmi Note 9 (Aqua Green, 6GB RAM 128GB Storage) - 48MP Quad Camera & Full HD+ Display",https://m.media-amazon.com/images/I/81EjHa-dSJL._AC_UY218_.jpg,4.2 out of 5,"₹ 14,499.00",https://www.amazon.in/Redmi-Note-Green-128GB-Storage/dp/B086977TRJ/ref=sr_1_91?dchild=1&keywords=Mobile+Phone+Under+20000+Rupees&qid=1610967538&sr=8-91
97,"Vivo Y11 (Mineral Blue, 3GB RAM, 32GB Storage) with No Cost EMI/Additional Exchange Offers",https://m.media-amazon.com/images/I/71BBqZGY3dL._AC_UY218_.jpg,4.2 out of 5,"₹ 9,490.00",https://www.amazon.in/Vivo-Mineral-Storage-Additional-Exchange/dp/B07XD2FWBC/ref=sr_1_92?dchild=1&keywords=Mobile+Phone+Under+20000+Rupees&qid=1610967538&sr=8-92
98,"OPPO A1K (Red, 2GB RAM, 32GB Storage) with No Cost EMI/Additional Exchange Offers",https://m.media-amazon.com/images/I/71XTesfK-bL._AC_UY218_.jpg,4 out of 5,"₹ 7,990.00",https://www.amazon.in/OPPO-Storage-Additional-Exchange-Offers/dp/B07PSHLRJ8/ref=sr_1_93?dchild=1&keywords=Mobile+Phone+Under+20000+Rupees&qid=1610967538&sr=8-93
99,"Samsung Galaxy M31 Prime Edition (Space Black, 6GB RAM, 128GB Storage)",https://m.media-amazon.com/images/I/71Sinqbw35L._AC_UY218_.jpg,4.2 out of 5,"₹ 16,499.00",https://www.amazon.in/Samsung-Galaxy-Prime-Space-Storage/dp/B085J1D8BH/ref=sr_1_94?dchild=1&keywords=Mobile+Phone+Under+20000+Rupees&qid=1610967538&sr=8-94
100,"MI Poco M2 (Slate Blue, 6GB RAM, 128GB Storage)",https://m.media-amazon.com/images/I/81cSHDyccxL._AC_UY218_.jpg,3.7 out of 5,"₹ 12,499.00",https://www.amazon.in/MI-Poco-Slate-128GB-Storage/dp/B08JCMDGMZ/ref=sr_1_95?dchild=1&keywords=Mobile+Phone+Under+20000+Rupees&qid=1610967538&sr=8-95
101,"Redmi Note 9 (Scarlet Red, 6GB RAM 128GB Storage) - 48MP Quad Camera & Full HD+ Display",https://m.media-amazon.com/images/I/81TthwnRxML._AC_UY218_.jpg,4.2 out of 5,"₹ 14,499.00",https://www.amazon.in/Redmi-Note-Scarlet-128GB-Storage/dp/B08696LQL2/ref=sr_1_96?dchild=1&keywords=Mobile+Phone+Under+20000+Rupees&qid=1610967538&sr=8-96
102,"Tecno Spark 6 Air (Ocean Blue, 3GB RAM, 32GB Storage)",https://m.media-amazon.com/images/I/71jzMLHiMfL._AC_UY218_.jpg,3.9 out of 5,"₹ 8,699.00",https://www.amazon.in/Tecno-Spark-Ocean-Blue-Storage/dp/B08GCSL3VV/ref=sr_1_97?dchild=1&keywords=Mobile+Phone+Under+20000+Rupees&qid=1610967541&sr=8-97
103,"Nokia 5.3 Android One Smartphone with Quad Camera, 6 GB RAM and 64 GB Storage - Charcoal",https://m.media-amazon.com/images/I/61L1ItFgFHL._AC_UY218_.jpg,3.7 out of 5,"₹ 13,499.00",https://www.amazon.in/Nokia-5-3-Android-Smartphone-64/dp/B08GT28WQQ/ref=sr_1_98?dchild=1&keywords=Mobile+Phone+Under+20000+Rupees&qid=1610967541&sr=8-98
104,"I KALL K250 4G Dual Sim Smart Phone (Blue, 4GB RAM, 64GB Storage, 6.53 Inch)",https://m.media-amazon.com/images/I/31qxLSW2OjL._AC_UY218_.jpg,NA,"₹ 6,699.00",https://www.amazon.in/KALL-K250-Smart-Phone-Storage/dp/B08SHNVBPY/ref=sr_1_99?dchild=1&keywords=Mobile+Phone+Under+20000+Rupees&qid=1610967541&sr=8-99
105,"Samsung Galaxy M31 (Space Black, 6GB RAM, 64GB Storage)",https://m.media-amazon.com/images/I/71OxJeyywSL._AC_UY218_.jpg,4.2 out of 5,"₹ 15,999.00",https://www.amazon.in/Samsung-Galaxy-Space-Black-Storage/dp/B07HGJ7WLM/ref=sr_1_100?dchild=1&keywords=Mobile+Phone+Under+20000+Rupees&qid=1610967541&sr=8-100
106,"I KALL K260 4G Dual Sim Smart Phone (Purple, 2GB RAM, 16GB Storage, 5.5 Inch)",https://m.media-amazon.com/images/I/41jpyqjqxUL._AC_UY218_.jpg,NA,"₹ 4,599.00",https://www.amazon.in/K260-Smart-Phone-Purple-Storage/dp/B08SHZMFPD/ref=sr_1_101?dchild=1&keywords=Mobile+Phone+Under+20000+Rupees&qid=1610967541&sr=8-101
107,"Redmi Note 9 (Arctic White, 4GB RAM, 64GB Storage) - 48MP Quad Camera & Full HD+ Display",https://m.media-amazon.com/images/I/714qRVfu2vL._AC_UY218_.jpg,4.2 out of 5,"₹ 11,999.00",https://www.amazon.in/Redmi-Note-Arctic-White-Storage/dp/B086982ZKF/ref=sr_1_102?dchild=1&keywords=Mobile+Phone+Under+20000+Rupees&qid=1610967541&sr=8-102
108,"Redmi Note 9 (Scarlet Red, 4GB RAM, 64GB Storage) - 48MP Quad Camera & Full HD+ Display",https://m.media-amazon.com/images/I/81TthwnRxML._AC_UY218_.jpg,4.2 out of 5,"₹ 11,999.00",https://www.amazon.in/Redmi-Note-Scarlet-64GB-Storage/dp/B086984LHS/ref=sr_1_103?dchild=1&keywords=Mobile+Phone+Under+20000+Rupees&qid=1610967541&sr=8-103
109,"Redmi Note 9 Pro Max (Aurora Blue, 6GB RAM, 128GB Storage) - 64MP Quad Camera & Latest 8nm Snapdragon 720G & Alexa Hands-Free | Extra Upto INR 1500 Off on Exchange | Upto 12 Months No Cost EMI",https://m.media-amazon.com/images/I/81DvimWN5xL._AC_UY218_.jpg,4.1 out of 5,"₹ 18,499.00",https://www.amazon.in/Test-Exclusive-602/dp/B07HGLC2CG/ref=sr_1_104?dchild=1&keywords=Mobile+Phone+Under+20000+Rupees&qid=1610967541&sr=8-104
110,"IKALL K7 Smartphone (2GB, 16GB)",https://m.media-amazon.com/images/I/61IKbjf9vhL._AC_UY218_.jpg,3.3 out of 5,"₹ 4,499.00",https://www.amazon.in/IKALL-K7-Smartphone-2GB-16GB/dp/B08HYYLJG2/ref=sr_1_105?dchild=1&keywords=Mobile+Phone+Under+20000+Rupees&qid=1610967541&sr=8-105
111,"Nokia C3 Android 10 Smartphone with 2GB RAM 16GB Storage, All-Day Battery and Fingerprint Sensor – Nordic Blue",https://m.media-amazon.com/images/I/71Vh6ktdqML._AC_UY218_.jpg,3.4 out of 5,"₹ 6,999.00",https://www.amazon.in/Nokia-C3-Android-Smartphone-Fingerprint/dp/B086KCCMBV/ref=sr_1_106?dchild=1&keywords=Mobile+Phone+Under+20000+Rupees&qid=1610967541&sr=8-106
112,"I KALL K260 4G Dual Sim Smart Phone (Blue, 2GB RAM, 16GB Storage, 5.5 Inch)",https://m.media-amazon.com/images/I/41taWSjGvsL._AC_UY218_.jpg,NA,"₹ 4,599.00",https://www.amazon.in/KALL-K260-Smart-Phone-Storage/dp/B08SHRVRMS/ref=sr_1_107?dchild=1&keywords=Mobile+Phone+Under+20000+Rupees&qid=1610967541&sr=8-107
113,"Xifo Ringme Model A5Pro 4G Volte (Jio sim Supported) 5.5 Inch 4G Smartphone (2GB RAM, 16GB Storage) in Blue Colour",https://m.media-amazon.com/images/I/71kAXzNhDqL._AC_UY218_.jpg,3 out of 5,"₹ 4,288.00",https://www.amazon.in/Xifo-Ringme-Supported-Smartphone-Storage/dp/B08PS2NV1K/ref=sr_1_108?dchild=1&keywords=Mobile+Phone+Under+20000+Rupees&qid=1610967541&sr=8-108
114,"Tecno Spark 6 Air (Ocean Blue, 3GB RAM, 64GB Storage)",https://m.media-amazon.com/images/I/71jzMLHiMfL._AC_UY218_.jpg,3.9 out of 5,"₹ 8,699.00",https://www.amazon.in/Tecno-Spark-Ocean-Blue-Storage/dp/B08HX63M36/ref=sr_1_109?dchild=1&keywords=Mobile+Phone+Under+20000+Rupees&qid=1610967541&sr=8-109
115,"YU YU5040 (Chrome Black, 4GB RAM, 32GB Storage)",https://m.media-amazon.com/images/I/51bk6IuaGzL._AC_UY218_.jpg,3.5 out of 5,"₹ 5,999.00",https://www.amazon.in/YU-YU5040-Chrome-Black-Storage/dp/B07PDH7JXH/ref=sr_1_110?dchild=1&keywords=Mobile+Phone+Under+20000+Rupees&qid=1610967541&sr=8-110
116,"OPPO A31 (Mystery Black, 4GB RAM, 64GB Storage) with No Cost EMI/Additional Exchange Offers",https://m.media-amazon.com/images/I/71KCwNV6MuL._AC_UY218_.jpg,4 out of 5,"₹ 12,490.00",https://www.amazon.in/Mystery-Storage-Additional-Exchange-Offers/dp/B084454YKR/ref=sr_1_111?dchild=1&keywords=Mobile+Phone+Under+20000+Rupees&qid=1610967541&sr=8-111
117,"Maplin Kekai Aqua 4G Smartphone (2GB 16GB) Volte (Jio sim Supported) 5.5"" Inch Display 4G Smartphone (2GB RAM, 16GB Storage) in Arrogant Green",https://m.media-amazon.com/images/I/61c0U-vMuRL._AC_UY218_.jpg,NA,"₹ 4,989.00",https://www.amazon.in/Maplin-Smartphone-Supported-Display-Arrogant/dp/B08Q7LR88B/ref=sr_1_112?dchild=1&keywords=Mobile+Phone+Under+20000+Rupees&qid=1610967541&sr=8-112
118,"I KALL K320 4G Dual Sim Smart Phone (Purple, 4GB RAM, 64GB Storage, 6.53 Inch)",https://m.media-amazon.com/images/I/317lkO4hpGL._AC_UY218_.jpg,NA,"₹ 6,699.00",https://www.amazon.in/K320-Smart-Phone-Purple-Storage/dp/B08SHCNVWS/ref=sr_1_113?dchild=1&keywords=Mobile+Phone+Under+20000+Rupees&qid=1610967545&sr=8-113
119,"Redmi Note 9 (Aqua Green, 4GB RAM, 64GB Storage) - 48MP Quad Camera & Full HD+ Display",https://m.media-amazon.com/images/I/81EjHa-dSJL._AC_UY218_.jpg,4.2 out of 5,"₹ 11,999.00",https://www.amazon.in/Redmi-Note-Aqua-Green-Storage/dp/B08695YMYC/ref=sr_1_114?dchild=1&keywords=Mobile+Phone+Under+20000+Rupees&qid=1610967545&sr=8-114
120,"Xifo Ismart I1 Epic 4G Volte 5.5 Inch Display 4G Smartphone (2GB RAM, 16GB Storage) (Blue Black) Colour",https://m.media-amazon.com/images/I/81Ka0A81bvL._AC_UY218_.jpg,3 out of 5,"₹ 4,210.00",https://www.amazon.in/Xifo-Display-Smartphone-Storage-Black/dp/B08KZRG2Z3/ref=sr_1_115?dchild=1&keywords=Mobile+Phone+Under+20000+Rupees&qid=1610967545&sr=8-115
121,"Redmi 9 Prime (Sunrise Flare, 4GB RAM, 64GB Storage)- Full HD+ Display & AI Quad Camera",https://m.media-amazon.com/images/I/71GqB5VJFgL._AC_UY218_.jpg,4.2 out of 5,"₹ 9,999.00",https://www.amazon.in/Redmi-Prime-Sunrise-Storage-Display/dp/B08697WT79/ref=sr_1_116?dchild=1&keywords=Mobile+Phone+Under+20000+Rupees&qid=1610967545&sr=8-116
122,"(Renewed) Redmi 6 Pro (Black, 3GB RAM, 32GB Storage)",https://m.media-amazon.com/images/I/81xl7IHBw-L._AC_UY218_.jpg,3.2 out of 5,"₹ 7,124.05",https://www.amazon.in/CERTIFIED-REFURBISHED-Redmi-Black-Storage/dp/B07J4GDH37/ref=sr_1_117?dchild=1&keywords=Mobile+Phone+Under+20000+Rupees&qid=1610967545&sr=8-117
123,Xifo Kekai Eco 4G Smartphone (2GB 16GB) Volte (Jio sim Supported) Pure White,https://m.media-amazon.com/images/I/71mrivG5DHL._AC_UY218_.jpg,NA,"₹ 3,788.00",https://www.amazon.in/Xifo-Kekai-Smartphone-Volte-Supported/dp/B08SLV4DC9/ref=sr_1_118?dchild=1&keywords=Mobile+Phone+Under+20000+Rupees&qid=1610967545&sr=8-118
124,"frocel Strong Adsorption Gel Pad Desk Sticker Paste Reusable Phone Holder for Wall Car Mobile, Tablet Stand - Pack of 2",https://m.media-amazon.com/images/I/410THvKJC3L._AC_UY218_.jpg,2.3 out of 5,₹ 398.00,https://www.amazon.in/frocel-Strong-Adsorption-Sticker-Reusable/dp/B07YSPMCMF/ref=sr_1_119?dchild=1&keywords=Mobile+Phone+Under+20000+Rupees&qid=1610967545&sr=8-119
125,"Prakal Corded Telephone, Wall-Mounted Landline Phone with Retro Vintage Style Cell Phone Landline Phone",https://m.media-amazon.com/images/I/61DSgpmbUUL._AC_UY218_.jpg,4.2 out of 5,₹ 899.00,https://www.amazon.in/Prakal-Telephone-Telephones-Incoming-Call-Flashlight/dp/B082PRLLYH/ref=sr_1_120?dchild=1&keywords=Mobile+Phone+Under+20000+Rupees&qid=1610967545&sr=8-120
126,"Vivo Y51A (Titanium Sapphire, 8GB, 128GB Storage) with No Cost EMI/Additional Exchange Offers",https://m.media-amazon.com/images/I/71BRHXBME2L._AC_UY218_.jpg,NA,"₹ 17,990.00",https://www.amazon.in/Vivo-Y51A-Titanium-Sapphire-Additional/dp/B08LRDP2Q6/ref=sr_1_121?dchild=1&keywords=Mobile+Phone+Under+20000+Rupees&qid=1610967545&sr=8-121
127,"Nokia 800 Tough, 4GB, IP68 Rugged Cell Phone, 4G LTE (Black)",https://m.media-amazon.com/images/I/51kN5wB7EuL._AC_UY218_.jpg,3.5 out of 5,"₹ 7,969.00",https://www.amazon.in/Nokia-Tough-Rugged-Phone-Black/dp/B07X63JCWT/ref=sr_1_122?dchild=1&keywords=Mobile+Phone+Under+20000+Rupees&qid=1610967545&sr=8-122
128,"Xifo Wizphone WP3 4G (2GB RAM, 16GB Storage) Black",https://m.media-amazon.com/images/I/615eKwx5GGL._AC_UY218_.jpg,4.2 out of 5,"₹ 4,888.00",https://www.amazon.in/Xifo-Wizphone-16GB-Storage-Black/dp/B08HMT6B2K/ref=sr_1_123?dchild=1&keywords=Mobile+Phone+Under+20000+Rupees&qid=1610967545&sr=8-123
129,"R Moto E7 Plus (4GB+64GB, Misty Blue)",https://m.media-amazon.com/images/I/41GJgdHHNZL._AC_UY218_.jpg,NA,"₹ 10,799.00",https://www.amazon.in/Moto-Plus-64GB-Misty-Blue/dp/B08RDXWQ23/ref=sr_1_124?dchild=1&keywords=Mobile+Phone+Under+20000+Rupees&qid=1610967545&sr=8-124
130,"Xifo Ringme Model XPro 4G Volte (Jio sim Supported) 5.5 Inch Display 4G Smartphone (2GB RAM, 16GB Storage) in Blue Colour",https://m.media-amazon.com/images/I/71W-ciWm7aL._AC_UY218_.jpg,NA,"₹ 4,288.00",https://www.amazon.in/Xifo-Supported-Display-Smartphone-Storage/dp/B08PRR7FGB/ref=sr_1_125?dchild=1&keywords=Mobile+Phone+Under+20000+Rupees&qid=1610967545&sr=8-125
131,"Panasonic Eluga I8 (Black, 3GB RAM, 32GB Storage)",https://m.media-amazon.com/images/I/6194ruREJgL._AC_UY218_.jpg,3.5 out of 5,"₹ 6,999.00",https://www.amazon.in/Panasonic-Eluga-I8-Black-Storage/dp/B085W2P4WV/ref=sr_1_126?dchild=1&keywords=Mobile+Phone+Under+20000+Rupees&qid=1610967545&sr=8-126
132,"I KALL K300 4G Dual Sim Smart Phone (Blue, 4GB RAM, 64GB Storage, 6.53 Inch)",https://m.media-amazon.com/images/I/41Pfs4-ETzL._AC_UY218_.jpg,NA,"₹ 6,699.00",https://www.amazon.in/KALL-K300-Smart-Phone-Storage/dp/B08SHPMB79/ref=sr_1_127?dchild=1&keywords=Mobile+Phone+Under+20000+Rupees&qid=1610967545&sr=8-127
133,"Lenovo A7 (Blue 4GB RAM, 64GB Internal Memory)",https://m.media-amazon.com/images/I/212QUwuVYFL._AC_UY218_.jpg,2.5 out of 5,"₹ 7,917.00",https://www.amazon.in/Lenovo-Blue-64GB-Internal-Memory/dp/B08H4NTTP7/ref=sr_1_128?dchild=1&keywords=Mobile+Phone+Under+20000+Rupees&qid=1610967545&sr=8-128
134,"Xifo Kekai S5 Smart Gio 6.53"" Full Display (2 GB 16 GB) 4G Volte Smartphone (Grey Black)",https://m.media-amazon.com/images/I/71fr4sP69TL._AC_UY218_.jpg,1 out of 5,"₹ 4,889.00",https://www.amazon.in/Xifo-Kekai-Gio-Display-Smartphone/dp/B08MYQKCCZ/ref=sr_1_129?dchild=1&keywords=Mobile+Phone+Under+20000+Rupees&qid=1610967549&sr=8-129
135,"Samsung Galaxy A50s (Prism Crush White, 4GB RAM, 128GB Storage) Without Offers",https://m.media-amazon.com/images/I/61KYl8t0D9L._AC_UY218_.jpg,4.1 out of 5,"₹ 18,440.00",https://www.amazon.in/Samsung-Galaxy-Storage-Without-Offers/dp/B07S7DY986/ref=sr_1_130?dchild=1&keywords=Mobile+Phone+Under+20000+Rupees&qid=1610967549&sr=8-130
136,(Renewed) Samsung F41 Fusion Blue 6+64GB,https://m.media-amazon.com/images/I/41RzbWS3MDL._AC_UY218_.jpg,NA,"₹ 14,749.00",https://www.amazon.in/Renewed-Samsung-Fusion-Blue-64GB/dp/B08RRVW276/ref=sr_1_131?dchild=1&keywords=Mobile+Phone+Under+20000+Rupees&qid=1610967549&sr=8-131
137,"OPPO A11K (Flowing Silver, 2GB RAM, 32GB Storage) with No Cost EMI/Additional Exchange Offers",https://m.media-amazon.com/images/I/71EOR9S6maL._AC_UY218_.jpg,3.8 out of 5,"₹ 8,490.00",https://www.amazon.in/Flowing-Silver-Storage-Additional-Exchange/dp/B086K9CW1W/ref=sr_1_132?dchild=1&keywords=Mobile+Phone+Under+20000+Rupees&qid=1610967549&sr=8-132
138,"R Moto E7 Plus (4GB+64GB, Misty Blue)",https://m.media-amazon.com/images/I/41GJgdHHNZL._AC_UY218_.jpg,NA,"₹ 10,799.00",https://www.amazon.in/Moto-Plus-64GB-Misty-Blue/dp/B08RDXWQ23/ref=sr_1_133?dchild=1&keywords=Mobile+Phone+Under+20000+Rupees&qid=1610967549&sr=8-133
139,"LAVA Z61 Pro (Amber Red, 2GB RAM, 16GB Storage)",https://m.media-amazon.com/images/I/71c6ei-kjvL._AC_UY218_.jpg,4.3 out of 5,"₹ 5,377.00",https://www.amazon.in/LAVA-Z61-Pro-Amber-Storage/dp/B08D42QZ5T/ref=sr_1_134?dchild=1&keywords=Mobile+Phone+Under+20000+Rupees&qid=1610967549&sr=8-134
140,"Honor 9X (Midnight Black, 4+128GB Storage) -Pop up Front Camera & 48MP Triple Rear Camera",https://m.media-amazon.com/images/I/81JjhSI5dEL._AC_UY218_.jpg,4.1 out of 5,"₹ 15,999.00",https://www.amazon.in/Honor-Midnight-Storage-Camera-Triple/dp/B0856CF481/ref=sr_1_135?dchild=1&keywords=Mobile+Phone+Under+20000+Rupees&qid=1610967549&sr=8-135
141,"Xifo Ringme Model XPro 4G Volte (Jio sim Supported) 5.5 Inch Display 4G Smartphone (2GB RAM, 16GB Storage) in Blue Colour",https://m.media-amazon.com/images/I/71W-ciWm7aL._AC_UY218_.jpg,NA,"₹ 4,288.00",https://www.amazon.in/Xifo-Supported-Display-Smartphone-Storage/dp/B08PRR7FGB/ref=sr_1_136?dchild=1&keywords=Mobile+Phone+Under+20000+Rupees&qid=1610967549&sr=8-136
142,"Nillkin Universal Ascent Mini Stand for Laptop/MacBook/Tablet/Mobile Phones for Upto 15.6"" Inch Built in Magnet Easily Fold and Carry with Easy Heat Dissipation 12.5 Kg Lead Bearing Grey Color",https://m.media-amazon.com/images/I/31H4OGG84iL._AC_UY218_.jpg,1 out of 5,"₹ 1,999.00",https://www.amazon.in/Nillkin-Universal-MacBook-Dissipation-Bearing/dp/B08HJJ2KQH/ref=sr_1_137?dchild=1&keywords=Mobile+Phone+Under+20000+Rupees&qid=1610967549&sr=8-137
143,"Vivo Y51A (Titanium Sapphire, 8GB, 128GB Storage) Without Offers",https://m.media-amazon.com/images/I/71BRHXBME2L._AC_UY218_.jpg,NA,"₹ 17,790.00",https://www.amazon.in/Vivo-Y51A-Titanium-Sapphire-Storage/dp/B08LRGLL35/ref=sr_1_138?dchild=1&keywords=Mobile+Phone+Under+20000+Rupees&qid=1610967549&sr=8-138
144,"Infinix Hot 10 (Ocean Wave, 64 GBROM) (4 GB RAM)",https://m.media-amazon.com/images/I/316qEqAvrUL._AC_UY218_.jpg,5 out of 5,NA,https://www.amazon.in/Infinix-Hot-Ocean-Wave-GBROM/dp/B08MC2CV64/ref=sr_1_139?dchild=1&keywords=Mobile+Phone+Under+20000+Rupees&qid=1610967549&sr=8-139
145,1Place Mini Flower Shape Cellphone Holder Car & Mount Sucker Stand 360° Rotatable Multi-Angle Phone Metal Magic Suction Cup Mobile Holder Compatible with Universal Smartphones (Multicolored),https://m.media-amazon.com/images/I/41fXNdG7JGL._AC_UY218_.jpg,NA,₹ 243.00,https://www.amazon.in/1Place-Multi-Angle-Compatible-Smartphones-Multicolored/dp/B083BX2YHX/ref=sr_1_140?dchild=1&keywords=Mobile+Phone+Under+20000+Rupees&qid=1610967549&sr=8-140
146,I KALL K2 Plus (64GB) (Sky Blue),https://m.media-amazon.com/images/I/61IunwQS1PL._AC_UY218_.jpg,5 out of 5,"₹ 5,399.00",https://www.amazon.in/KALL-K2-Plus-64GB-Blue/dp/B08SC96Q6T/ref=sr_1_141?dchild=1&keywords=Mobile+Phone+Under+20000+Rupees&qid=1610967549&sr=8-141
147,"I KALL K380 4G Dual Sim Smart Phone (Blue, 4GB RAM, 32GB Storage, 7.12 Inch)",https://m.media-amazon.com/images/I/41A+iLLdaPL._AC_UY218_.jpg,NA,"₹ 6,799.00",https://www.amazon.in/KALL-K380-Smart-Phone-Storage/dp/B08SHYB4PZ/ref=sr_1_142?dchild=1&keywords=Mobile+Phone+Under+20000+Rupees&qid=1610967549&sr=8-142
148,"(Renewed) Moto G 5G (Volcanic Grey, 6GB+128GB)",https://m.media-amazon.com/images/I/31hUFOy9dnL._AC_UY218_.jpg,NA,"₹ 18,999.00",https://www.amazon.in/Renewed-Moto-Volcanic-Grey-128GB/dp/B08T7R4LPT/ref=sr_1_143?dchild=1&keywords=Mobile+Phone+Under+20000+Rupees&qid=1610967549&sr=8-143
149,AS i1 Dynamite 6.0 Inch Screen Dual Sim 2GB RAM 16 GB Internal 4G Volte Jio Support Smartphone Purple Blue Colour,https://m.media-amazon.com/images/I/41o0n6Pk2QL._AC_UY218_.jpg,NA,"₹ 4,575.00",https://www.amazon.in/i1-Dynamite-Internal-Support-Smartphone/dp/B08SBL7RVW/ref=sr_1_144?dchild=1&keywords=Mobile+Phone+Under+20000+Rupees&qid=1610967549&sr=8-144
150,"I KALL K250 4G Dual Sim Smart Phone (Sky White, 4GB RAM, 64GB Storage, 6.53 Inch)",https://m.media-amazon.com/images/I/31BjeMnvbpL._AC_UY218_.jpg,NA,"₹ 6,699.00",https://www.amazon.in/K250-Smart-Phone-White-Storage/dp/B08SHQSZ3V/ref=sr_1_145?dchild=1&keywords=Mobile+Phone+Under+20000+Rupees&qid=1610967553&sr=8-145
151,"i-Smart I1 Giant 6.5"" Full Waterdrop Display (3GB RAM 32GB) 4G Volte JIO Supported Smartphone (Shine White)",https://m.media-amazon.com/images/I/71yxXRkZfEL._AC_UY218_.jpg,NA,"₹ 5,979.00",https://www.amazon.in/i-Smart-Giant-Waterdrop-Supported-Smartphone/dp/B08QCPKCGJ/ref=sr_1_146?dchild=1&keywords=Mobile+Phone+Under+20000+Rupees&qid=1610967553&sr=8-146
152,"Lenovo K10 Note (Black, 64 and 4 GB RAM)",https://m.media-amazon.com/images/I/318RnjrsgJL._AC_UY218_.jpg,3.9 out of 5,NA,https://www.amazon.in/Lenovo-K10-Note-Black-RAM/dp/B082Y79TFQ/ref=sr_1_147?dchild=1&keywords=Mobile+Phone+Under+20000+Rupees&qid=1610967553&sr=8-147
153,"Vivo Y91i (Black, 3GB RAM, 32GB Storage) with No Cost EMI/Additional Exchange Offers",https://m.media-amazon.com/images/I/51+yaqN2O0L._AC_UY218_.jpg,4.1 out of 5,"₹ 8,490.00",https://www.amazon.in/Vivo-Storage-Additional-Exchange-Offers/dp/B086KCCSF7/ref=sr_1_148?dchild=1&keywords=Mobile+Phone+Under+20000+Rupees&qid=1610967553&sr=8-148
154,AS i1 Supreme,https://m.media-amazon.com/images/I/41-KAmR9v1L._AC_UY218_.jpg,4 out of 5,"₹ 4,875.00",https://www.amazon.in/iSmart-AS-i1-SUPREME-Supreme/dp/B08RC1PQ36/ref=sr_1_149?dchild=1&keywords=Mobile+Phone+Under+20000+Rupees&qid=1610967553&sr=8-149
155,"LAVA Z61 Pro (Lavender Blue, 2GB RAM, 16GB Storage)",https://m.media-amazon.com/images/I/71Mk5gMHkSL._AC_UY218_.jpg,2.8 out of 5,"₹ 5,377.00",https://www.amazon.in/LAVA-Z61-Pro-Lavender-Storage/dp/B08L4DS6NQ/ref=sr_1_150?dchild=1&keywords=Mobile+Phone+Under+20000+Rupees&qid=1610967553&sr=8-150
156,"I KALL K8 4G Dual Sim Smart Phone (Blue, 2GB RAM, 16GB Storage, 5.5 Inch)",https://m.media-amazon.com/images/I/31HPCvsPrJL._AC_UY218_.jpg,NA,"₹ 4,399.00",https://www.amazon.in/KALL-K8-Smart-Phone-Storage/dp/B08SJ7NWC5/ref=sr_1_151?dchild=1&keywords=Mobile+Phone+Under+20000+Rupees&qid=1610967553&sr=8-151
157,"OPPO A5S (Blue, 3GB RAM, 32GB Storage) with No Cost EMI/Additional Exchange Offers",https://m.media-amazon.com/images/I/91FvWRrG9ML._AC_UY218_.jpg,4.1 out of 5,"₹ 8,990.00",https://www.amazon.in/OPPO-Storage-Additional-Exchange-Offers/dp/B07PTLDNCH/ref=sr_1_152?dchild=1&keywords=Mobile+Phone+Under+20000+Rupees&qid=1610967553&sr=8-152
158,"Samsung Galaxy M31s (Mirage Black, 6GB RAM, 128GB Storage)",https://m.media-amazon.com/images/I/71BFG8Zu7zL._AC_UY218_.jpg,4.3 out of 5,"₹ 19,499.00",https://www.amazon.in/Samsung-Galaxy-Mirage-Black-Storage/dp/B07DJD1XZ4/ref=sr_1_153?dchild=1&keywords=Mobile+Phone+Under+20000+Rupees&qid=1610967553&sr=8-153
159,"itel A46 (Neon Water, 2GB RAM, 16GB Storage)",https://m.media-amazon.com/images/I/71V55j9LDTL._AC_UY218_.jpg,3.9 out of 5,"₹ 5,780.00",https://www.amazon.in/itel-A46-Water-2GB-Storage/dp/B07SS3X5FX/ref=sr_1_154?dchild=1&keywords=Mobile+Phone+Under+20000+Rupees&qid=1610967553&sr=8-154
160,"Redmi 9 Prime (Matte Black, 4GB RAM, 128GB Storage) - Full HD+ Display & AI Quad Camera",https://m.media-amazon.com/images/I/711+lAQXogL._AC_UY218_.jpg,4.2 out of 5,"₹ 10,999.00",https://www.amazon.in/Redmi-Prime-Storage-Display-Camera/dp/B08699CZBC/ref=sr_1_155?dchild=1&keywords=Mobile+Phone+Under+20000+Rupees&qid=1610967553&sr=8-155
161,"Gionee F8 Neo (Red) 2GB Ram 32GB ROM, Face Unlock,Smart Gestures, Full View Display",https://m.media-amazon.com/images/I/71051OSJZ4L._AC_UY218_.jpg,NA,"₹ 5,499.00",https://www.amazon.in/Gionee-F8-Neo-Gestures-Display/dp/B08M38K78W/ref=sr_1_156?dchild=1&keywords=Mobile+Phone+Under+20000+Rupees&qid=1610967553&sr=8-156
162,"Xifo Ismart i1 Thunder 6.26"" Full Display (2 GB 32 GB) 4G Volte Smartphone in Thunder Gold Colour",https://m.media-amazon.com/images/I/7109MWQVL-L._AC_UY218_.jpg,NA,"₹ 5,949.00",https://www.amazon.in/Xifo-Ismart-Thunder-Display-Smartphone/dp/B08QDJY61R/ref=sr_1_157?dchild=1&keywords=Mobile+Phone+Under+20000+Rupees&qid=1610967553&sr=8-157
163,"Surya R10 Pro 5.99 Inch Display 4G Smartphone Blue (2GB RAM, 16GB Storage) in Black Colour",https://m.media-amazon.com/images/I/71p-Usg1+3L._AC_UY218_.jpg,5 out of 5,"₹ 4,789.00",https://www.amazon.in/Surya-Display-Smartphone-Storage-Colour/dp/B08HVGKFRN/ref=sr_1_158?dchild=1&keywords=Mobile+Phone+Under+20000+Rupees&qid=1610967553&sr=8-158
164,"Samsung Galaxy M31 Prime Edition (Ocean Blue, 6GB RAM, 128GB Storage)",https://m.media-amazon.com/images/I/71zb0UaK0PL._AC_UY218_.jpg,4.2 out of 5,"₹ 16,499.00",https://www.amazon.in/Samsung-Galaxy-Prime-Ocean-Storage/dp/B085J3GN6M/ref=sr_1_159?dchild=1&keywords=Mobile+Phone+Under+20000+Rupees&qid=1610967553&sr=8-159
165,"Maplin Ismart Epic 5.5"" (2 GB 16 GB) Smartphone (Black Blue)",https://m.media-amazon.com/images/I/71iDLuAzHAL._AC_UY218_.jpg,NA,"₹ 4,888.00",https://www.amazon.in/Maplin-Ismart-Epic-Smartphone-Black/dp/B08T1NQR6F/ref=sr_1_160?dchild=1&keywords=Mobile+Phone+Under+20000+Rupees&qid=1610967553&sr=8-160
166,Xifo Letv X527 (3 GB 32 GB) 4G Volte Smartphone (Gold),https://m.media-amazon.com/images/I/71pFKu8efvL._AC_UY218_.jpg,NA,"₹ 5,799.00",https://www.amazon.in/Xifo-Letv-X527-Volte-Smartphone/dp/B08T1L93WJ/ref=sr_1_161?dchild=1&keywords=Mobile+Phone+Under+20000+Rupees&qid=1610967557&sr=8-161
167,"Redmi Note 9 Pro (Champagne Gold, 4GB RAM, 64GB Storage) - Latest 8nm Snapdragon 720G & Alexa Hands-Free | Upto 6 Months No Cost EMI",https://m.media-amazon.com/images/I/81Ox29uGzNL._AC_UY218_.jpg,4.2 out of 5,"₹ 12,999.00",https://www.amazon.in/Redmi-Note-Pro-Champagne-Storage/dp/B08696XB45/ref=sr_1_162?dchild=1&keywords=Mobile+Phone+Under+20000+Rupees&qid=1610967557&sr=8-162
168,"MAPLIN Model G1 5.5"" Full HD Notch Display (2 GB 16 GB) 4G Volte Smartphone with Finger Print Sensor (Blue) Colour",https://m.media-amazon.com/images/I/71P0+bBppdL._AC_UY218_.jpg,1 out of 5,"₹ 4,990.00",https://www.amazon.in/MAPLIN-Display-Smartphone-Finger-Sensor/dp/B08NZPSJN3/ref=sr_1_163?dchild=1&keywords=Mobile+Phone+Under+20000+Rupees&qid=1610967557&sr=8-163
169,"Redmi Note 9 (Arctic White, 6GB RAM 128GB Storage) - 48MP Quad Camera & Full HD+ Display",https://m.media-amazon.com/images/I/714qRVfu2vL._AC_UY218_.jpg,4.2 out of 5,"₹ 14,499.00",https://www.amazon.in/Redmi-Note-Arctic-White-Storage/dp/B08696W399/ref=sr_1_164?dchild=1&keywords=Mobile+Phone+Under+20000+Rupees&qid=1610967557&sr=8-164
170,"Redmi 9 Power (Electric Green, 4GB RAM, 64GB Storage) - 6000mAh Battery | 48MP Quad Camera | Snapdragon 662 Processor",https://m.media-amazon.com/images/I/71anKhv48FL._AC_UY218_.jpg,3.7 out of 5,"₹ 10,999.00",https://www.amazon.in/Test-Exclusive_2020_1111-Multi-3GB-Storage/dp/B089MS8HPF/ref=sr_1_165?dchild=1&keywords=Mobile+Phone+Under+20000+Rupees&qid=1610967557&sr=8-165
171,"XOLO ERA 4X (Gold, 1GB RAM, 16GB Storage)",https://m.media-amazon.com/images/I/61AWYGbBYLL._AC_UY218_.jpg,3.8 out of 5,"₹ 4,444.00",https://www.amazon.in/XOLO-4X-Gold-16GB-Storage/dp/B07MMY65LN/ref=sr_1_166?dchild=1&keywords=Mobile+Phone+Under+20000+Rupees&qid=1610967557&sr=8-166
172,"Infinix Hot 10 (Obsidian Black, 6 GB RAM / 128 GB Storage)",https://m.media-amazon.com/images/I/71bSz3YJw3L._AC_UY218_.jpg,3.5 out of 5,"₹ 12,699.00",https://www.amazon.in/Infinix-Hot-Obsidian-Black-Storage/dp/B08KXX9TYB/ref=sr_1_167?dchild=1&keywords=Mobile+Phone+Under+20000+Rupees&qid=1610967557&sr=8-167
173,"Xifo Ringme Model A5Pro 4G Volte (Jio sim Supported) 5.5 Inch Display 4G Smartphone (2GB RAM, 16GB Storage) in Black Purple",https://m.media-amazon.com/images/I/71bC2-2pKBL._AC_UY218_.jpg,1 out of 5,"₹ 4,288.00",https://www.amazon.in/Xifo-Supported-Display-Smartphone-Storage/dp/B08PSG5FBG/ref=sr_1_168?dchild=1&keywords=Mobile+Phone+Under+20000+Rupees&qid=1610967557&sr=8-168
174,"Redmi Note 9 Pro Max (Interstellar Black, 6GB RAM, 64GB Storage) - 64MP Quad Camera & Latest 8nm Snapdragon 720G & Alexa Hands-Free | Upto 12 Months No Cost EMI",https://m.media-amazon.com/images/I/81u6E5niDiL._AC_UY218_.jpg,4.1 out of 5,"₹ 15,999.00",https://www.amazon.in/Test-Exclusive-557/dp/B077PWJ8RS/ref=sr_1_169?dchild=1&keywords=Mobile+Phone+Under+20000+Rupees&qid=1610967557&sr=8-169
175,"Vivo Y51 (Crystal Symphony, 8GB RAM, 128GB ROM) with No Cost EMI/Additional Exchange Offers",https://m.media-amazon.com/images/I/51Oycsxht9L._AC_UY218_.jpg,3.5 out of 5,"₹ 17,990.00",https://www.amazon.in/Test-Exclusive244_Sep19/dp/B07XBYLRVP/ref=sr_1_170?dchild=1&keywords=Mobile+Phone+Under+20000+Rupees&qid=1610967557&sr=8-170
176,"Maplin Kekai Aqua 4G Smartphone (2GB 16GB) Volte (Jio sim Supported) 5.5"" Inch Display 4G Smartphone (2GB RAM, 16GB Storage) in Purple Blue",https://m.media-amazon.com/images/I/61wLEkQrcLL._AC_UY218_.jpg,NA,"₹ 4,989.00",https://www.amazon.in/Maplin-Smartphone-Supported-Display-Storage/dp/B08Q7LCS2S/ref=sr_1_171?dchild=1&keywords=Mobile+Phone+Under+20000+Rupees&qid=1610967557&sr=8-171
177,"Nokia 800 Tough, 4GB, IP68 Rugged Cell Phone, 4G LTE (Sandstone)",https://m.media-amazon.com/images/I/51j+daw5RJL._AC_UY218_.jpg,4.1 out of 5,"₹ 8,899.00",https://www.amazon.in/Nokia-Tough-Rugged-Phone-Sandstone/dp/B07YVKLM79/ref=sr_1_172?dchild=1&keywords=Mobile+Phone+Under+20000+Rupees&qid=1610967557&sr=8-172
178,"Vivo U20 (Blazing Blue, Snapdragon 675 AIE, 4GB RAM, 64GB Storage)",https://m.media-amazon.com/images/I/5146hJBeZqL._AC_UY218_.jpg,4.4 out of 5,"₹ 12,990.00",https://www.amazon.in/Vivo-Blazing-Blue-Snapdragon-Storage/dp/B081RTYX3M/ref=sr_1_173?dchild=1&keywords=Mobile+Phone+Under+20000+Rupees&qid=1610967557&sr=8-173
179,"Redmi 9 Prime (Sunrise Flare, 4GB RAM, 128GB Storage) - Full HD+ Display & AI Quad Camera",https://m.media-amazon.com/images/I/71GqB5VJFgL._AC_UY218_.jpg,4.2 out of 5,"₹ 10,999.00",https://www.amazon.in/Redmi-Prime-Sunrise-Storage-Display/dp/B086984LJ3/ref=sr_1_174?dchild=1&keywords=Mobile+Phone+Under+20000+Rupees&qid=1610967557&sr=8-174
180,"Panasonic Eluga I6 (Black, 2GB Ram, 16GB Storage) - 3 Month No Cost EMI",https://m.media-amazon.com/images/I/615NcIueEhL._AC_UY218_.jpg,3.2 out of 5,"₹ 4,999.00",https://www.amazon.in/Panasonic-Eluga-Black-16GB-Storage/dp/B085W2YQ1F/ref=sr_1_175?dchild=1&keywords=Mobile+Phone+Under+20000+Rupees&qid=1610967557&sr=8-175
181,"ZIOX X13 with Vibration 1.8"" Display Wireless FM 1000 mAh Battery (Black+Blue)",https://m.media-amazon.com/images/I/71eEp8AfQeL._AC_UY218_.jpg,2 out of 5,₹ 711.00,https://www.amazon.in/Vibration-Display-Wireless-Battery-Black/dp/B082YXZ2LW/ref=sr_1_176?dchild=1&keywords=Mobile+Phone+Under+20000+Rupees&qid=1610967557&sr=8-176
182,"I KALL K300 4G Mobile (6.53 HD+, 64GB Storage) (Black)",https://m.media-amazon.com/images/I/51+RYO1-MSL._AC_UY218_.jpg,NA,"₹ 6,699.00",https://www.amazon.in/KALL-K300-Smartphone-Storage-Black/dp/B08SWHBQ5G/ref=sr_1_177?dchild=1&keywords=Mobile+Phone+Under+20000+Rupees&qid=1610967561&sr=8-177
183,Voto V2 Dual SIM (Black),https://m.media-amazon.com/images/I/61+NL92s+4L._AC_UY218_.jpg,3 out of 5,"₹ 3,809.00",https://www.amazon.in/Voto-V2-Dual-SIM-Black/dp/B075KBBY3V/ref=sr_1_178?dchild=1&keywords=Mobile+Phone+Under+20000+Rupees&qid=1610967561&sr=8-178
184,"IKALL I Kall K1 Smartphone (5 Inch, 1GB, 8GB, Black)",https://m.media-amazon.com/images/I/61EusLkWbdL._AC_UY218_.jpg,3 out of 5,"₹ 3,899.00",https://www.amazon.in/IKALL-Kall-K1-Smartphone-Black/dp/B08PBJ1DT3/ref=sr_1_179?dchild=1&keywords=Mobile+Phone+Under+20000+Rupees&qid=1610967561&sr=8-179
185,"I KALL K280 4G Dual Sim Smart Phone (Grey, 3GB RAM, 32GB Storage, 6.26 Inch)",https://m.media-amazon.com/images/I/31-DFItvdfL._AC_UY218_.jpg,NA,"₹ 5,799.00",https://www.amazon.in/KALL-K280-Smart-Phone-Storage/dp/B08SJ468JZ/ref=sr_1_180?dchild=1&keywords=Mobile+Phone+Under+20000+Rupees&qid=1610967561&sr=8-180
186,mi poco x3 6gb 128gb blue,https://m.media-amazon.com/images/I/81bGAxhmtoL._AC_UY218_.jpg,4.6 out of 5,NA,https://www.amazon.in/poco-x3-6gb-128gb-blue/dp/B08K343YZP/ref=sr_1_181?dchild=1&keywords=Mobile+Phone+Under+20000+Rupees&qid=1610967561&sr=8-181
187,Online Store only Sucker Stand for Cell Phone Metal Mobile Holder 360°Rotatable Flower Type Mobile Stand for Best Used to Office Work.,https://m.media-amazon.com/images/I/61raSKJ6kYL._AC_UY218_.jpg,NA,₹ 215.00,https://www.amazon.in/Online-Sucker-Mobile-Holder-360%C2%B0Rotatable/dp/B08CNF6YS6/ref=sr_1_182?dchild=1&keywords=Mobile+Phone+Under+20000+Rupees&qid=1610967561&sr=8-182
188,"(Renewed) Oppo A57 (Gold, 32GB)",https://m.media-amazon.com/images/I/51Y4s8KnAoL._AC_UY218_.jpg,3 out of 5,"₹ 5,999.00",https://www.amazon.in/CERTIFIED-REFURBISHED-Oppo-A57-Gold/dp/B07CF3ZVW5/ref=sr_1_183?dchild=1&keywords=Mobile+Phone+Under+20000+Rupees&qid=1610967561&sr=8-183
189,"Surya Ismart i-1 Dynamite 4G Volte (Jio sim Supported) 5.99 Inch Display 4G Smartphone (2GB RAM, 16GB Storage) in Black Colour",https://m.media-amazon.com/images/I/71gE+xFbUeL._AC_UY218_.jpg,4.5 out of 5,"₹ 5,990.00",https://www.amazon.in/Surya-Dynamite-Supported-Display-Smartphone/dp/B08GSMRRY8/ref=sr_1_184?dchild=1&keywords=Mobile+Phone+Under+20000+Rupees&qid=1610967561&sr=8-184
190,"Samsung Galaxy M21 (Raven Black, 6GB RAM, 128GB Storage)",https://m.media-amazon.com/images/I/71QLvGIAq5L._AC_UY218_.jpg,4.2 out of 5,"₹ 15,999.00",https://www.amazon.in/Samsung-Galaxy-Raven-Black-Storage/dp/B07HGH8ML7/ref=sr_1_185?dchild=1&keywords=Mobile+Phone+Under+20000+Rupees&qid=1610967561&sr=8-185
191,"Lava Z66 (Marine Blue, 3GB RAM, 32GB Storage)",https://m.media-amazon.com/images/I/61U+VB+kTiL._AC_UY218_.jpg,4 out of 5,"₹ 8,290.00",https://www.amazon.in/Lava-Z66-Marine-Blue-Storage/dp/B08DNZ4PP7/ref=sr_1_186?dchild=1&keywords=Mobile+Phone+Under+20000+Rupees&qid=1610967561&sr=8-186
192,"Nokia 5.3 Android One Smartphone with Quad Camera, 4 GB RAM and 64 GB Storage - Cyan",https://m.media-amazon.com/images/I/61KfjV+40QL._AC_UY218_.jpg,3.7 out of 5,"₹ 12,498.00",https://www.amazon.in/Nokia-5-3-Android-Smartphone-64/dp/B08GT1T4TC/ref=sr_1_187?dchild=1&keywords=Mobile+Phone+Under+20000+Rupees&qid=1610967561&sr=8-187
193,"Coolpad Cool 5 (Red, 4GB RAM, 64GB Storage)",https://m.media-amazon.com/images/I/61xwe+BR5IL._AC_UY218_.jpg,3.1 out of 5,"₹ 7,999.00",https://www.amazon.in/Coolpad-Cool-Red-64GB-Storage/dp/B08HMTLSNR/ref=sr_1_188?dchild=1&keywords=Mobile+Phone+Under+20000+Rupees&qid=1610967561&sr=8-188
194,"Vivo Y20 (Purist Blue, 6GB RAM, 64GB Storage) with No Cost EMI/Additional Exchange Offers",https://m.media-amazon.com/images/I/51GkdMbNKfL._AC_UY218_.jpg,4.1 out of 5,"₹ 13,990.00",https://www.amazon.in/Vivo-Purist-Storage-Additional-Exchange/dp/B089MT22SH/ref=sr_1_189?dchild=1&keywords=Mobile+Phone+Under+20000+Rupees&qid=1610967561&sr=8-189
195,"Maplin Ismart Supreme 6.26"" (2 GB 32 GB) Smartphone (Red)",https://m.media-amazon.com/images/I/71cDv01A8UL._AC_UY218_.jpg,NA,"₹ 5,499.00",https://www.amazon.in/Maplin-Ismart-Supreme-6-26-Smartphone/dp/B08T14DH2V/ref=sr_1_190?dchild=1&keywords=Mobile+Phone+Under+20000+Rupees&qid=1610967561&sr=8-190
196,"Oppo F17 (Navy Blue, 6GB RAM, 128GB Storage) with No Cost EMI/Additional Exchange Offers",https://m.media-amazon.com/images/I/81lDF673d9L._AC_UY218_.jpg,3.7 out of 5,"₹ 16,990.00",https://www.amazon.in/128GB-Storage-Additional-Exchange-Offers/dp/B086KDJ6NP/ref=sr_1_191?dchild=1&keywords=Mobile+Phone+Under+20000+Rupees&qid=1610967561&sr=8-191
197,"Redmi Note 9 Pro Max (Interstellar Black, 6GB RAM, 128GB Storage) - 64MP Quad Camera & Latest 8nm Snapdragon 720G & Alexa Hands-Free | Extra Upto INR 1500 Off on Exchange | Upto 12 Months No Cost EMI",https://m.media-amazon.com/images/I/81u6E5niDiL._AC_UY218_.jpg,4.1 out of 5,"₹ 18,499.00",https://www.amazon.in/Test-Exclusive-600/dp/B07HGBMHTR/ref=sr_1_192?dchild=1&keywords=Mobile+Phone+Under+20000+Rupees&qid=1610967561&sr=8-192
198,"Vivo Y20 (Dawn White, 4GB RAM, 64GB Storage) with No Cost EMI/Additional Exchange Offers",https://m.media-amazon.com/images/I/710zedIX2RL._AC_UY218_.jpg,4.1 out of 5,"₹ 12,990.00",https://www.amazon.in/Vivo-Storage-Additional-Exchange-Offers/dp/B089MS4LFW/ref=sr_1_193?dchild=1&keywords=Mobile+Phone+Under+20000+Rupees&qid=1610967564&sr=8-193
199,"Maplin Ismart Dynamite 5.99"" (2 GB 16 GB) Smartphone (Shaded Black)",https://m.media-amazon.com/images/I/71LgPptvAlL._AC_UY218_.jpg,NA,"₹ 4,988.00",https://www.amazon.in/Maplin-Ismart-Dynamite-Smartphone-Shaded/dp/B08T1RT69P/ref=sr_1_194?dchild=1&keywords=Mobile+Phone+Under+20000+Rupees&qid=1610967564&sr=8-194
200,"Coolpad Note 5 (Royal Gold, 32 GB)",https://m.media-amazon.com/images/I/91YsdH+Dc8L._AC_UY218_.jpg,3.6 out of 5,"₹ 6,499.00",https://www.amazon.in/Coolpad-Note-Royal-Gold-32/dp/B01FM7H0K8/ref=sr_1_195?dchild=1&keywords=Mobile+Phone+Under+20000+Rupees&qid=1610967564&sr=8-195
201,"IKALL K1 Smartphone (5 Inch, 8GB) (Silver)",https://m.media-amazon.com/images/I/712PO68xGnL._AC_UY218_.jpg,NA,"₹ 3,899.00",https://www.amazon.in/IKALL-K1-Smartphone-Inch-Silver/dp/B08GLMD4X8/ref=sr_1_196?dchild=1&keywords=Mobile+Phone+Under+20000+Rupees&qid=1610967564&sr=8-196
202,"Itel Vision1 (Gradation Green, 32 GB) (3 GB RAM)",https://m.media-amazon.com/images/I/41OVC2VtotL._AC_UY218_.jpg,NA,"₹ 7,374.00",https://www.amazon.in/Itel-Vision1-Gradation-Green-RAM/dp/B08NVSX4ZY/ref=sr_1_197?dchild=1&keywords=Mobile+Phone+Under+20000+Rupees&qid=1610967564&sr=8-197
203,"IKALL I Kall K900 Mobile (5.5 Inch, 4GB, 64GB, Blue)",https://m.media-amazon.com/images/I/516lhNf-vmL._AC_UY218_.jpg,NA,"₹ 5,399.00",https://www.amazon.in/IKALL-Kall-K900-Mobile-Inch/dp/B08PBHMJFF/ref=sr_1_198?dchild=1&keywords=Mobile+Phone+Under+20000+Rupees&qid=1610967564&sr=8-198
204,"Maplin Leeco X527 5.5"" (3 GB 32 GB) 4G Volte Smartphone in Champagne Gold",https://m.media-amazon.com/images/I/81CPSmfhzDL._AC_UY218_.jpg,NA,"₹ 5,799.00",https://www.amazon.in/Maplin-Leeco-Smartphone-Champagne-Gold/dp/B08R55C4X3/ref=sr_1_199?dchild=1&keywords=Mobile+Phone+Under+20000+Rupees&qid=1610967564&sr=8-199
205,"I KALL K300 4G Mobile (6.53 HD+, 64GB Storage) (White Off)",https://m.media-amazon.com/images/I/51+RYO1-MSL._AC_UY218_.jpg,NA,"₹ 6,699.00",https://www.amazon.in/KALL-K300-Smartphone-Storage-White/dp/B08SW4GBP3/ref=sr_1_200?dchild=1&keywords=Mobile+Phone+Under+20000+Rupees&qid=1610967564&sr=8-200
206,"(Renewed) Panasonic Eluga I6 (Black, 2GB Ram, 16GB Storage)",https://m.media-amazon.com/images/I/41R+KTVC-FL._AC_UY218_.jpg,NA,"₹ 4,199.00",https://www.amazon.in/Renewed-Panasonic-Eluga-Black-Storage/dp/B08KP6V6GC/ref=sr_1_201?dchild=1&keywords=Mobile+Phone+Under+20000+Rupees&qid=1610967564&sr=8-201
207,Leoie 6.3 inch P36 PRO Android Smartphone Dual SIM Face Fingerprint Recognition 6G+128G Mobile Phone Black U.S. Regulations,https://m.media-amazon.com/images/I/71go-JiXW0L._AC_UY218_.jpg,1.5 out of 5,"₹ 7,232.00",https://www.amazon.in/Leoie-Smartphone-Fingerprint-Recognition-Regulations/dp/B07ZQ2XXRN/ref=sr_1_202?dchild=1&keywords=Mobile+Phone+Under+20000+Rupees&qid=1610967564&sr=8-202
208,"IKALL K10 (Sky White, 32GB)",https://m.media-amazon.com/images/I/51ToB1O0ltL._AC_UY218_.jpg,NA,"₹ 5,199.00",https://www.amazon.in/IKALL-K10-Sky-White-32GB/dp/B08KLM3RH9/ref=sr_1_203?dchild=1&keywords=Mobile+Phone+Under+20000+Rupees&qid=1610967564&sr=8-203
209,(Renewed) Samsung F41 Fusion Black 6+64GB,https://m.media-amazon.com/images/I/31+00Y4AIUL._AC_UY218_.jpg,NA,"₹ 14,749.00",https://www.amazon.in/Renewed-Samsung-Fusion-Black-64GB/dp/B08RS4L7QT/ref=sr_1_204?dchild=1&keywords=Mobile+Phone+Under+20000+Rupees&qid=1610967564&sr=8-204
210,"Xifo Spinup A6 4G Smartphone (2GB 16GB) Volte (Jio sim Supported) 5.99"" Inch Display 4G Smartphone (2GB RAM, 16GB Storage) in Ice Blue",https://m.media-amazon.com/images/I/611-UNl-gpL._AC_UY218_.jpg,NA,"₹ 5,989.00",https://www.amazon.in/Xifo-Smartphone-Supported-Display-Storage/dp/B08Q33KW4H/ref=sr_1_205?dchild=1&keywords=Mobile+Phone+Under+20000+Rupees&qid=1610967564&sr=8-205
211,(Renewed) Samsung F41 Fusion Green 6+128GB,https://m.media-amazon.com/images/I/41XI3EnxuRL._AC_UY218_.jpg,NA,"₹ 15,649.00",https://www.amazon.in/Renewed-Samsung-Fusion-Green-128GB/dp/B08RSC7JDN/ref=sr_1_206?dchild=1&keywords=Mobile+Phone+Under+20000+Rupees&qid=1610967564&sr=8-206
212,"Redmi Poco C3 (Arctic Blue, 4 RAM /64 Storage)",https://m.media-amazon.com/images/I/71v2AwyA2rL._AC_UY218_.jpg,4 out of 5,NA,https://www.amazon.in/Redmi-Poco-Arctic-Blue-Storage/dp/B08KTLGTNX/ref=sr_1_207?dchild=1&keywords=Mobile+Phone+Under+20000+Rupees&qid=1610967564&sr=8-207
213,"Blackview India Gadgets - BV5500 Plus Mobile Phone: Android 10: 5.5"" HD IPS Screen: Large 4400mAH Battery: IP68 Waterproof Drop Proof Rugged Smartphone (Yellow)",https://m.media-amazon.com/images/I/61RBdRuk8oL._AC_UY218_.jpg,NA,"₹ 15,500.00",https://www.amazon.in/Blackview-India-Gadgets-Waterproof-Smartphone/dp/B08P2HJS5L/ref=sr_1_208?dchild=1&keywords=Mobile+Phone+Under+20000+Rupees&qid=1610967564&sr=8-208
214,itel A22 Pro Smartphone 16GB 2GB (RAM) (Midnight Black),https://m.media-amazon.com/images/I/81-kqgA8Y-L._AC_UY218_.jpg,3.3 out of 5,"₹ 4,800.00",https://www.amazon.in/itel-A22-Pro-Smartphone-Midnight/dp/B07KVY2YT7/ref=sr_1_209?dchild=1&keywords=Mobile+Phone+Under+20000+Rupees&qid=1610967568&sr=8-209
215,"Redmi 9 Power (Blazing Blue, 4GB RAM, 64GB Storage) - 6000mAh Battery | 48MP Quad Camera | Snapdragon 662 Processor",https://m.media-amazon.com/images/I/71XbGanz3qL._AC_UY218_.jpg,3.7 out of 5,"₹ 10,999.00",https://www.amazon.in/Test-Exclusive_2020_1113-Multi-3GB-Storage/dp/B089MS8XQ3/ref=sr_1_210?dchild=1&keywords=Mobile+Phone+Under+20000+Rupees&qid=1610967568&sr=8-210
216,"Vivo Y11 (Agate Red, 3GB RAM, 32GB Storage) with No Cost EMI/Additional Exchange Offers",https://m.media-amazon.com/images/I/81WVehzY2+L._AC_UY218_.jpg,4.2 out of 5,"₹ 9,490.00",https://www.amazon.in/Vivo-Storage-Additional-Exchange-Offers/dp/B07X9YNV63/ref=sr_1_211?dchild=1&keywords=Mobile+Phone+Under+20000+Rupees&qid=1610967568&sr=8-211
217,MICROMAX Q411 Grey,https://m.media-amazon.com/images/I/419XUPiw-eL._AC_UY218_.jpg,3.2 out of 5,"₹ 6,999.00",https://www.amazon.in/Micromax-Q411-MICROMAX-Grey/dp/B0161CR62K/ref=sr_1_212?dchild=1&keywords=Mobile+Phone+Under+20000+Rupees&qid=1610967568&sr=8-212
218,"Realme Narzo 20A (Glory Sliver, 4 GB RAM, 64 GB Storage)",https://m.media-amazon.com/images/I/41DSxCNKA-L._AC_UY218_.jpg,3.7 out of 5,NA,https://www.amazon.in/Realme-Narzo-Glory-Sliver-Storage/dp/B08JZDMHXV/ref=sr_1_213?dchild=1&keywords=Mobile+Phone+Under+20000+Rupees&qid=1610967568&sr=8-213
219,Bigbox99 Mobile Phone Metal Stand with Card Holder for Smartphones and Tablet - Antique Silver,https://m.media-amazon.com/images/I/51zCCqNBfhL._AC_UY218_.jpg,NA,₹ 245.00,https://www.amazon.in/Bigbox99-Mobile-Holder-Smartphones-Tablet/dp/B07ZXGLVS1/ref=sr_1_214?dchild=1&keywords=Mobile+Phone+Under+20000+Rupees&qid=1610967568&sr=8-214
220,"LAVA Z61 Pro (Midnight Blue, 2GB RAM, 16GB Storage)",https://m.media-amazon.com/images/I/712UpY-ZHmL._AC_UY218_.jpg,3.2 out of 5,"₹ 5,377.00",https://www.amazon.in/LAVA-Z61-Pro-Midnight-Storage/dp/B08D477TGR/ref=sr_1_215?dchild=1&keywords=Mobile+Phone+Under+20000+Rupees&qid=1610967568&sr=8-215
221,"Xifo Spinup A6 4G Smartphone (2GB 16GB) Volte (Jio sim Supported) 5.99"" Inch Display 4G Smartphone (2GB RAM, 16GB Storage) in Dazzling Gold",https://m.media-amazon.com/images/I/61hefxaB9WL._AC_UY218_.jpg,NA,"₹ 5,989.00",https://www.amazon.in/Xifo-Smartphone-Supported-Display-Dazzling/dp/B08Q2RJ5WL/ref=sr_1_216?dchild=1&keywords=Mobile+Phone+Under+20000+Rupees&qid=1610967568&sr=8-216
222,"IKALL K325 (Purple, 2GB, 16GB)",https://m.media-amazon.com/images/I/51EsuNNt1fL._AC_UY218_.jpg,3.9 out of 5,"₹ 4,499.00",https://www.amazon.in/IKALL-K325-Purple-2GB-16GB/dp/B08M5LBM6F/ref=sr_1_217?dchild=1&keywords=Mobile+Phone+Under+20000+Rupees&qid=1610967568&sr=8-217
223,Karbonn K9 Jumbo Mobile Phone,https://m.media-amazon.com/images/I/41AxW-LfF0L._AC_UY218_.jpg,4 out of 5,"₹ 1,299.00",https://www.amazon.in/Karbonn-K9-Jumbo-Mobile-Phone/dp/B07SRFSHLV/ref=sr_1_218?dchild=1&keywords=Mobile+Phone+Under+20000+Rupees&qid=1610967568&sr=8-218
224,"Xifo Ringme Model R8 5.99"" Display 4G Smartphone (2GB RAM, 16GB Storage) in Blue Colour",https://m.media-amazon.com/images/I/719tFUh5BhL._AC_UY218_.jpg,NA,"₹ 4,589.00",https://www.amazon.in/Xifo-Ringme-Display-Smartphone-Storage/dp/B08L6GRTBX/ref=sr_1_219?dchild=1&keywords=Mobile+Phone+Under+20000+Rupees&qid=1610967568&sr=8-219
225,"Vivo Y30 (Dazzle Blue, 4GB RAM, 128GB Storage) with No Cost EMI/Additional Exchange Offers",https://m.media-amazon.com/images/I/61J79fezUgL._AC_UY218_.jpg,4 out of 5,"₹ 13,990.00",https://www.amazon.in/Vivo-Dazzle-Storage-Additional-Exchange/dp/B086KCC67C/ref=sr_1_220?dchild=1&keywords=Mobile+Phone+Under+20000+Rupees&qid=1610967568&sr=8-220
226,5S 16GB Silver by Original I P H O N E with 1 Year Warranty,https://m.media-amazon.com/images/I/41nk9BGPqjL._AC_UY218_.jpg,5 out of 5,"₹ 12,999.00",https://www.amazon.in/5S-16GB-Silver-Original-Warranty/dp/B08Q4H1DSB/ref=sr_1_221?dchild=1&keywords=Mobile+Phone+Under+20000+Rupees&qid=1610967568&sr=8-221
227,"Tecno Spark 6 Air (Ocean Blue, 2GB RAM, 32GB Storage)",https://m.media-amazon.com/images/I/71jzMLHiMfL._AC_UY218_.jpg,3.9 out of 5,"₹ 8,399.00",https://www.amazon.in/Tecno-Spark-Ocean-Blue-Storage/dp/B08DJSHY94/ref=sr_1_222?dchild=1&keywords=Mobile+Phone+Under+20000+Rupees&qid=1610967568&sr=8-222
228,"LG W10 Alpha (Black, 3GB RAM/ 32GB ROM, 14.5 cm(5.71’’) FullVision HD+ Raindrop Notch)",https://m.media-amazon.com/images/I/61sPx22I6aL._AC_UY218_.jpg,3.1 out of 5,"₹ 7,400.00",https://www.amazon.in/LG-Alpha-Black-FullVision-Raindrop/dp/B08DND81Q9/ref=sr_1_223?dchild=1&keywords=Mobile+Phone+Under+20000+Rupees&qid=1610967568&sr=8-223
229,"Oppo F17 (Dynamic Orange, 6GB RAM, 128GB Storage) with No Cost EMI/Additional Exchange Offers",https://m.media-amazon.com/images/I/81-xJ79cnjL._AC_UY218_.jpg,3.7 out of 5,"₹ 16,990.00",https://www.amazon.in/Dynamic-Orange-Storage-Additional-Exchange/dp/B086KFV4L4/ref=sr_1_224?dchild=1&keywords=Mobile+Phone+Under+20000+Rupees&qid=1610967568&sr=8-224
230,"Oppo F17 (Dynamic Orange, 6GB RAM, 128GB Storage) with No Cost EMI/Additional Exchange Offers",https://m.media-amazon.com/images/I/81-xJ79cnjL._AC_UY218_.jpg,3.7 out of 5,"₹ 16,990.00",https://www.amazon.in/Dynamic-Orange-Storage-Additional-Exchange/dp/B086KFV4L4/ref=sr_1_225?dchild=1&keywords=Mobile+Phone+Under+20000+Rupees&qid=1610967572&sr=8-225
231,"OPPO A52 (Stream White, 6GB RAM, 128GB Storage) with No Cost EMI/Additional Exchange Offers",https://m.media-amazon.com/images/I/71RadpHBLhL._AC_UY218_.jpg,4 out of 5,"₹ 16,990.00",https://www.amazon.in/Stream-Storage-Additional-Exchange-Offers/dp/B086KCD5YS/ref=sr_1_226?dchild=1&keywords=Mobile+Phone+Under+20000+Rupees&qid=1610967572&sr=8-226
232,"Realme C12 (Power Blue, 32 GB) (3 GB RAM)",https://m.media-amazon.com/images/I/31X1+mh8zPL._AC_UY218_.jpg,4.1 out of 5,"₹ 8,999.00",https://www.amazon.in/Realme-C12-Power-Blue-RAM/dp/B08GKHY681/ref=sr_1_227?dchild=1&keywords=Mobile+Phone+Under+20000+Rupees&qid=1610967572&sr=8-227
233,"Samsung Galaxy A31 (Prism Crush Black, 6GB RAM, 128GB Storage) with No Cost EMI/Additional Exchange Offers",https://m.media-amazon.com/images/I/81erkgYf1tL._AC_UY218_.jpg,4 out of 5,"₹ 17,999.00",https://www.amazon.in/Samsung-Galaxy-Storage-Additional-Exchange/dp/B086KFXPFD/ref=sr_1_228?dchild=1&keywords=Mobile+Phone+Under+20000+Rupees&qid=1610967572&sr=8-228
234,Vivo Y55s Mobile Phone Gold Colour,https://m.media-amazon.com/images/I/41GgkRSB+1L._AC_UY218_.jpg,2.6 out of 5,NA,https://www.amazon.in/Vivo-Y55s-Mobile-Phone-Colour/dp/B075X1TWTY/ref=sr_1_229?dchild=1&keywords=Mobile+Phone+Under+20000+Rupees&qid=1610967572&sr=8-229
235,"(Renewed) Poco X3 (Cobalt Blue, 6GB RAM / 64GB Storage)",https://m.media-amazon.com/images/I/61w3TeD65RL._AC_UY218_.jpg,1 out of 5,"₹ 16,999.00",https://www.amazon.in/Renewed-Poco-Cobalt-Blue-Storage/dp/B08R1KRRFT/ref=sr_1_230?dchild=1&keywords=Mobile+Phone+Under+20000+Rupees&qid=1610967572&sr=8-230
236,"Realme C11 (Rich Green, 32 GB) (2 GB RAM)",https://m.media-amazon.com/images/I/61cDI9yRBFL._AC_UY218_.jpg,3.7 out of 5,NA,https://www.amazon.in/Realme-C11-Rich-Green-RAM/dp/B08DG4XPBC/ref=sr_1_231?dchild=1&keywords=Mobile+Phone+Under+20000+Rupees&qid=1610967572&sr=8-231
237,"Redmi 9 Prime (Matte Black, 4GB RAM, 64GB Storage) - Full HD+ Display & AI Quad Camera",https://m.media-amazon.com/images/I/711+lAQXogL._AC_UY218_.jpg,4.2 out of 5,"₹ 9,999.00",https://www.amazon.in/Redmi-Prime-Matte-Black-Storage/dp/B086982VLG/ref=sr_1_232?dchild=1&keywords=Mobile+Phone+Under+20000+Rupees&qid=1610967572&sr=8-232
238,"MI Poco M2 (Brick Red, 6GB RAM, 64GB Storage)",https://m.media-amazon.com/images/I/81UQWt+8PEL._AC_UY218_.jpg,3.7 out of 5,NA,https://www.amazon.in/MI-Poco-Brick-64GB-Storage/dp/B08JC59XFB/ref=sr_1_233?dchild=1&keywords=Mobile+Phone+Under+20000+Rupees&qid=1610967572&sr=8-233
239,"(Renewed) YU Yureka Note YU6000 (Black, 16GB)",https://m.media-amazon.com/images/I/51tCcUeyDYL._AC_UY218_.jpg,2.3 out of 5,"₹ 3,999.00",https://www.amazon.in/Certified-REFURBISHED-YU-Yureka-YU6000/dp/B078JGTWC8/ref=sr_1_234?dchild=1&keywords=Mobile+Phone+Under+20000+Rupees&qid=1610967572&sr=8-234
240,"Nokia C3 Android 10 Smartphone with 2GB RAM 16GB Storage, All-Day Battery and Fingerprint Sensor – Sand",https://m.media-amazon.com/images/I/71ICH6FHDYL._AC_UY218_.jpg,3.4 out of 5,"₹ 6,999.00",https://www.amazon.in/Nokia-C3-Android-Smartphone-Fingerprint/dp/B086KCCMBT/ref=sr_1_235?dchild=1&keywords=Mobile+Phone+Under+20000+Rupees&qid=1610967572&sr=8-235
241,"LG Q60 Mobile Moroccan Blue, 64 GB (3 GB RAM)",https://m.media-amazon.com/images/I/61EEJeH-VnL._AC_UY218_.jpg,4.1 out of 5,"₹ 10,979.00",https://www.amazon.in/LG-Q60-Mobile-Moroccan-Blue/dp/B08BG24YF1/ref=sr_1_236?dchild=1&keywords=Mobile+Phone+Under+20000+Rupees&qid=1610967572&sr=8-236
242,"OPPO A12 (Blue, 4GB RAM, 64GB Storage) with No Cost EMI/Additional Exchange Offers",https://m.media-amazon.com/images/I/71-nSoWl8iL._AC_UY218_.jpg,4 out of 5,"₹ 11,490.00",https://www.amazon.in/OPPO-Storage-Additional-Exchange-Offers/dp/B08444X3CN/ref=sr_1_237?dchild=1&keywords=Mobile+Phone+Under+20000+Rupees&qid=1610967572&sr=8-237
243,"Oppo Reno2 F (Lake Green, 6GB RAM, 256GB Storage)",https://m.media-amazon.com/images/I/51daXWoYu2L._AC_UY218_.jpg,5 out of 5,"₹ 18,250.00",https://www.amazon.in/Oppo-Reno2-Green-256GB-Storage/dp/B08RXCHBRF/ref=sr_1_238?dchild=1&keywords=Mobile+Phone+Under+20000+Rupees&qid=1610967572&sr=8-238
244,"Redmi Note 9 (Aqua Green, 4GB RAM 128GB Storage) - 48MP Quad Camera & Full HD+ Display",https://m.media-amazon.com/images/I/81EjHa-dSJL._AC_UY218_.jpg,4.2 out of 5,"₹ 12,999.00",https://www.amazon.in/Redmi-Note-Green-128GB-Storage/dp/B08696ZMPF/ref=sr_1_239?dchild=1&keywords=Mobile+Phone+Under+20000+Rupees&qid=1610967572&sr=8-239
245,"Blackview India Gadgets - BV5500 Plus Mobile Phone: Android 10: 5.5"" HD IPS Screen: Large 4400mAH Battery: IP68 Waterproof Drop Proof Rugged Smartphone (Yellow)",https://m.media-amazon.com/images/I/61RBdRuk8oL._AC_UY218_.jpg,NA,"₹ 15,500.00",https://www.amazon.in/Blackview-India-Gadgets-Waterproof-Smartphone/dp/B08P2HJS5L/ref=sr_1_240?dchild=1&keywords=Mobile+Phone+Under+20000+Rupees&qid=1610967572&sr=8-240
246,Tecno Pova (6GB+128GB) (Speed Purple),https://m.media-amazon.com/images/I/41JpR-7GzVL._AC_UY218_.jpg,NA,"₹ 12,999.00",https://www.amazon.in/Tecno-Pova-128GB-Speed-Purple/dp/B08RC4734Y/ref=sr_1_241?dchild=1&keywords=Mobile+Phone+Under+20000+Rupees&qid=1610967576&sr=8-241
247,"Redmi Note 9 Pro (Interstellar Black, 4GB RAM, 128GB Storage) - Latest 8nm Snapdragon 720G & Alexa Hands-Free | Upto 6 Months No Cost EMI | Extra Upto INR 1000 Off on Exchange",https://m.media-amazon.com/images/I/91Lr-OxVKjL._AC_UY218_.jpg,4.2 out of 5,"₹ 14,499.00",https://www.amazon.in/Redmi-Note-Pro-Interstellar-Snapdragon/dp/B08696XB3V/ref=sr_1_242?dchild=1&keywords=Mobile+Phone+Under+20000+Rupees&qid=1610967576&sr=8-242
248,"VOTO V12 Dual Sim 4G Volte (2 GB RAM, 16GB Storage, Fingerprint Sensor) (Black)",https://m.media-amazon.com/images/I/71+ERF249+L._AC_UY218_.jpg,4.4 out of 5,"₹ 3,999.00",https://www.amazon.in/V12-Volte-Storage-Fingerprint-Sensor/dp/B07JN2Q4N9/ref=sr_1_243?dchild=1&keywords=Mobile+Phone+Under+20000+Rupees&qid=1610967576&sr=8-243
249,"Gionee F8 Neo (Black) 2GB Ram 32GB ROM, Face Unlock,Smart Gestures, Full View Display",https://m.media-amazon.com/images/I/712-KENonIL._AC_UY218_.jpg,3.5 out of 5,"₹ 5,479.00",https://www.amazon.in/Gionee-F8-Neo-Gestures-Display/dp/B08M3R6ZZ5/ref=sr_1_244?dchild=1&keywords=Mobile+Phone+Under+20000+Rupees&qid=1610967576&sr=8-244
250,LG W31 4GB RAM 64GB ROM 4000 mAh Battery,https://m.media-amazon.com/images/I/41ri1v+PBqL._AC_UY218_.jpg,5 out of 5,"₹ 12,620.00",https://www.amazon.in/LG-W31-64GB-4000-Battery/dp/B08QG6HZ2R/ref=sr_1_245?dchild=1&keywords=Mobile+Phone+Under+20000+Rupees&qid=1610967576&sr=8-245
251,"Coolpad Cool 6 (Blue,6GB RAM,128GB Storage) -21MP Front Pop-up & 48MP Triple Rear Camera",https://m.media-amazon.com/images/I/61jyh1JTIsL._AC_UY218_.jpg,3.3 out of 5,"₹ 12,999.00",https://www.amazon.in/Coolpad-Cool-Storage-Pop-up-Triple/dp/B08HRCC9Z4/ref=sr_1_246?dchild=1&keywords=Mobile+Phone+Under+20000+Rupees&qid=1610967576&sr=8-246
252,"Xifo Voto V2i 4G Volte Smartphone (2GB RAM, 32GB) in Gold",https://m.media-amazon.com/images/I/61-xNDMGXlL._AC_UY218_.jpg,2.6 out of 5,"₹ 4,245.00",https://www.amazon.in/Xifo-Voto-Volte-Smartphone-32GB/dp/B08FG91G51/ref=sr_1_247?dchild=1&keywords=Mobile+Phone+Under+20000+Rupees&qid=1610967576&sr=8-247
253,"itel itL6005 Vision1 (Gradation Purple, 2GB RAM, 32GB Storage)",https://m.media-amazon.com/images/I/71hT500PWtL._AC_UY218_.jpg,3.6 out of 5,"₹ 6,490.00",https://www.amazon.in/itel-itL6005-Vision1-Gradation-Storage/dp/B0859RGNB4/ref=sr_1_248?dchild=1&keywords=Mobile+Phone+Under+20000+Rupees&qid=1610967576&sr=8-248
254,"(Renewed) Redmi Note 5 Pro (Red, 6GB RAM, 64GB Storage)",https://m.media-amazon.com/images/I/41X-iNJvJFL._AC_UY218_.jpg,3.4 out of 5,"₹ 9,449.00",https://www.amazon.in/Renewed-Redmi-Note-64GB-Storage/dp/B07Q2BPCR4/ref=sr_1_249?dchild=1&keywords=Mobile+Phone+Under+20000+Rupees&qid=1610967576&sr=8-249
255,"Samsung Galaxy M31 (Iceberg Blue, 6GB RAM, 128GB Storage)",https://m.media-amazon.com/images/I/71ZsMOcpePL._AC_UY218_.jpg,4.2 out of 5,"₹ 16,499.00",https://www.amazon.in/Samsung-Galaxy-Iceberg-128GB-Storage/dp/B085HZYM54/ref=sr_1_250?dchild=1&keywords=Mobile+Phone+Under+20000+Rupees&qid=1610967576&sr=8-250
256,"Redmi 9 Power (Blazing Blue, 4GB RAM, 128GB Storage) - 6000mAh Battery | 48MP Quad Camera | Snapdragon 662 Processor",https://m.media-amazon.com/images/I/71XbGanz3qL._AC_UY218_.jpg,3.7 out of 5,"₹ 11,999.00",https://www.amazon.in/Test-Exclusive_2020_1115-Multi-3GB-Storage/dp/B089MT34P4/ref=sr_1_251?dchild=1&keywords=Mobile+Phone+Under+20000+Rupees&qid=1610967576&sr=8-251
257,"Xifo Kenxinda S9 4G Smartphone (2GB RAM, 16GB Storage) in Rosegold in 5.2 inch Touchscreen",https://m.media-amazon.com/images/I/61ep8LnBDRL._AC_UY218_.jpg,2 out of 5,"₹ 3,949.00",https://www.amazon.in/Xifo-Kenxinda-Smartphone-Rosegold-Touchscreen/dp/B08KT275BZ/ref=sr_1_252?dchild=1&keywords=Mobile+Phone+Under+20000+Rupees&qid=1610967576&sr=8-252
258,"MAPLIN Model G1 5.5"" Full HD Notch Display (2 GB 16 GB) 4G Volte Smartphone with Finger Print Sensor (ICE Blue) Colour",https://m.media-amazon.com/images/I/71T73zHfrdL._AC_UY218_.jpg,NA,"₹ 4,990.00",https://www.amazon.in/MAPLIN-Display-Smartphone-Finger-Sensor/dp/B08NZR3R51/ref=sr_1_253?dchild=1&keywords=Mobile+Phone+Under+20000+Rupees&qid=1610967576&sr=8-253
259,"Infinix Smart 4 Plus (Ocean Wave, 32 GB) (3 GB RAM)",https://m.media-amazon.com/images/I/31vXcImly0L._AC_UY218_.jpg,4.6 out of 5,NA,https://www.amazon.in/Infinix-Smart-Plus-Ocean-Wave/dp/B08H1DJTC7/ref=sr_1_254?dchild=1&keywords=Mobile+Phone+Under+20000+Rupees&qid=1610967576&sr=8-254
260,Leoie 6.3 inch P36 PRO Android Smartphone Dual SIM Face Fingerprint Recognition 6G+128G Mobile Phone Sky White U.S. Regulations,https://m.media-amazon.com/images/I/7198jcjZj9L._AC_UY218_.jpg,1.5 out of 5,"₹ 7,232.00",https://www.amazon.in/Leoie-Smartphone-Fingerprint-Recognition-Regulations/dp/B07ZQ22CY2/ref=sr_1_255?dchild=1&keywords=Mobile+Phone+Under+20000+Rupees&qid=1610967576&sr=8-255
261,Nokia Imported Nokia C5-00 (White) Symbian Smartphone,https://m.media-amazon.com/images/I/41lhaU0UiWL._AC_UY218_.jpg,1 out of 5,"₹ 6,969.00",https://www.amazon.in/Nokia-C5-00-White-Symbian-Smartphone/dp/B07BNHK4XS/ref=sr_1_256?dchild=1&keywords=Mobile+Phone+Under+20000+Rupees&qid=1610967576&sr=8-256
262,"OPPO A53 (Fancy Blue, 6GB RAM, 128GB Storage) with No Cost EMI/Additional Exchange Offers",https://m.media-amazon.com/images/I/71QJyXZYPuL._AC_UY218_.jpg,4 out of 5,"₹ 15,490.00",https://www.amazon.in/Fancy-Storage-Additional-Exchange-Offers/dp/B089MRYXN7/ref=sr_1_257?dchild=1&keywords=Mobile+Phone+Under+20000+Rupees&qid=1610967580&sr=8-257
263,"Lava Z61pro (Champagne Gold, 2GB RAM, 16GB Storage)",https://m.media-amazon.com/images/I/61VcdgZiUAL._AC_UY218_.jpg,3.7 out of 5,"₹ 5,377.00",https://www.amazon.in/Lava-Z61pro-Champagne-Gold-Storage/dp/B08D41TXGF/ref=sr_1_258?dchild=1&keywords=Mobile+Phone+Under+20000+Rupees&qid=1610967580&sr=8-258
264,"Coolpad Mega 5s (Gold, 4GB RAM 64GB ROM)",https://m.media-amazon.com/images/I/51BT3TYthUL._AC_UY218_.jpg,NA,"₹ 5,940.00",https://www.amazon.in/Coolpad-Mega-Gold-4GB-64GB/dp/B08SCLC1QS/ref=sr_1_259?dchild=1&keywords=Mobile+Phone+Under+20000+Rupees&qid=1610967580&sr=8-259
265,"Xifo Spinup A9 6.26"" Full Display (3 GB 32 GB) 4G Volte Smartphone (Shine Blue) Colour",https://m.media-amazon.com/images/I/71MnU3ksKHL._AC_UY218_.jpg,3.2 out of 5,"₹ 5,888.00",https://www.amazon.in/Xifo-Spinup-Display-Smartphone-Blue/dp/B08KL8Y6CZ/ref=sr_1_260?dchild=1&keywords=Mobile+Phone+Under+20000+Rupees&qid=1610967580&sr=8-260
266,"Redmi 9i (Midnight Black, 4GB RAM, 128GB Storage)",https://m.media-amazon.com/images/I/61W1LoulxmL._AC_UY218_.jpg,3.8 out of 5,NA,https://www.amazon.in/Redmi-9i-Midnight-Black-Storage/dp/B08JCHSKNX/ref=sr_1_261?dchild=1&keywords=Mobile+Phone+Under+20000+Rupees&qid=1610967580&sr=8-261
267,"Voltain Anee A1 Plus Phone (32 GB, 3GB RAM, Black)",https://m.media-amazon.com/images/I/31yIaM7uyRL._AC_UY218_.jpg,1 out of 5,"₹ 4,900.00",https://www.amazon.in/Anee-A1-Plus-3GB-Black/dp/B07Q5F33CR/ref=sr_1_262?dchild=1&keywords=Mobile+Phone+Under+20000+Rupees&qid=1610967580&sr=8-262
268,SHIVANSH i Smart i1 Supreme 4G Mobile Phone 2 GB 32 GB (Black),https://m.media-amazon.com/images/I/91w0DrKzY7L._AC_UY218_.jpg,2.9 out of 5,"₹ 6,100.00",https://www.amazon.in/SHIVANSH-Smart-i1-Supreme-Mobile/dp/B08FDNV6QJ/ref=sr_1_263?dchild=1&keywords=Mobile+Phone+Under+20000+Rupees&qid=1610967580&sr=8-263
269,"Realme Narzo 20A (Victory Blue, 4 GB RAM, 64 GB Storage)",https://m.media-amazon.com/images/I/41DSxCNKA-L._AC_UY218_.jpg,3.7 out of 5,NA,https://www.amazon.in/Realme-Narzo-Victory-Blue-Storage/dp/B08JZDYWYX/ref=sr_1_264?dchild=1&keywords=Mobile+Phone+Under+20000+Rupees&qid=1610967580&sr=8-264
270,"Maplin Kekai Smart Gio Pro 6.53"" Full Display (2 GB 16 GB) 4G Volte Smartphone (Dark Blue)",https://m.media-amazon.com/images/I/71j1rW3vCnL._AC_UY218_.jpg,2 out of 5,"₹ 5,490.00",https://www.amazon.in/Maplin-Kekai-Display-Smartphone-Blue/dp/B08R21KC81/ref=sr_1_265?dchild=1&keywords=Mobile+Phone+Under+20000+Rupees&qid=1610967580&sr=8-265
271,"(Renewed) Redmi Note 4 (Gold, 3GB RAM, 32GB Storage)",https://m.media-amazon.com/images/I/61xACsO99ML._AC_UY218_.jpg,4 out of 5,"₹ 6,999.00",https://www.amazon.in/Renewed-Redmi-Note-Gold-Storage/dp/B07KX4PMJ9/ref=sr_1_266?dchild=1&keywords=Mobile+Phone+Under+20000+Rupees&qid=1610967580&sr=8-266
272,"(Renewed) OPPO A53 (Electric Black, 6GB RAM, 128GB Storage) Without Offer",https://m.media-amazon.com/images/I/51Nf7N1A3hL._AC_UY218_.jpg,2 out of 5,NA,https://www.amazon.in/Renewed-Electric-Black-Storage-Without/dp/B08R6CLKV9/ref=sr_1_267?dchild=1&keywords=Mobile+Phone+Under+20000+Rupees&qid=1610967580&sr=8-267
273,"Xifo SuperD (3GB RAM, 32GB Storage) LTE 4G Smartphone in Gold",https://m.media-amazon.com/images/I/71u8dMcUg3L._AC_UY218_.jpg,NA,"₹ 5,490.00",https://www.amazon.in/Xifo-SuperD-32GB-Storage-Smartphone/dp/B08PZDCQ88/ref=sr_1_268?dchild=1&keywords=Mobile+Phone+Under+20000+Rupees&qid=1610967580&sr=8-268
274,"Realme C15 (Power Blue, 4GB RAM, 64GB Storage)",https://m.media-amazon.com/images/I/41oIVOfpZwL._AC_UY218_.jpg,4 out of 5,NA,https://www.amazon.in/Realme-Power-Blue-64GB-Storage/dp/B08HN69LD4/ref=sr_1_269?dchild=1&keywords=Mobile+Phone+Under+20000+Rupees&qid=1610967580&sr=8-269
275,"Nokia 5.3 Android One Smartphone with Quad Camera, 6 GB RAM and 64 GB Storage - Sand",https://m.media-amazon.com/images/I/710lQvb4NRL._AC_UY218_.jpg,3.7 out of 5,"₹ 13,999.00",https://www.amazon.in/Nokia-5-3-Android-Smartphone-64/dp/B08GT2PFLW/ref=sr_1_270?dchild=1&keywords=Mobile+Phone+Under+20000+Rupees&qid=1610967580&sr=8-270
276,Voto Mobile Phone V 2 Champagne,https://m.media-amazon.com/images/I/41DrLlaQQtL._AC_UY218_.jpg,2.8 out of 5,"₹ 3,999.00",https://www.amazon.in/Voto-Mobile-Phone-Champagne/dp/B077W7DM1H/ref=sr_1_271?dchild=1&keywords=Mobile+Phone+Under+20000+Rupees&qid=1610967580&sr=8-271
277,"Vivo Y30 (Dazzle Blue, 6GB RAM, 128GB ROM) with No Cost EMI/Additional Exchange Offers",https://m.media-amazon.com/images/I/71NADzRc7CL._AC_UY218_.jpg,3.4 out of 5,"₹ 14,990.00",https://www.amazon.in/Test-TST_Exclusive1001_dummy-Exclusive-1001_Dummy/dp/B08445CJNK/ref=sr_1_272?dchild=1&keywords=Mobile+Phone+Under+20000+Rupees&qid=1610967580&sr=8-272
278,"Oppo F17 (Dynamic Orange, 8GB RAM, 128GB Storage) with No Cost EMI/Additional Exchange Offers",https://m.media-amazon.com/images/I/81-xJ79cnjL._AC_UY218_.jpg,3.7 out of 5,"₹ 18,490.00",https://www.amazon.in/Dynamic-Orange-Storage-Additional-Exchange/dp/B086KGHVK4/ref=sr_1_273?dchild=1&keywords=Mobile+Phone+Under+20000+Rupees&qid=1610967584&sr=8-273
279,"Redmi 9 (Carbon Black, 4GB RAM, 128GB Storage)",https://m.media-amazon.com/images/I/51e+szfo7uL._AC_UY218_.jpg,4 out of 5,"₹ 9,999.00",https://www.amazon.in/Test-Dummy_March_2020_89-Black-128BG-Storage/dp/B086973W9Q/ref=sr_1_274?dchild=1&keywords=Mobile+Phone+Under+20000+Rupees&qid=1610967584&sr=8-274
280,"R Realme Narzo 20 (Victory Blue, 4GB+128GB)",https://m.media-amazon.com/images/I/51Rl+pkTVUL._AC_UY218_.jpg,NA,"₹ 12,699.00",https://www.amazon.in/Realme-Narzo-Victory-Blue-128GB/dp/B08SMJMRZD/ref=sr_1_275?dchild=1&keywords=Mobile+Phone+Under+20000+Rupees&qid=1610967584&sr=8-275
281,"Redmi Poco C3 (Matte Black, 4 RAM /64 Storage)",https://m.media-amazon.com/images/I/71a3eVdzWHL._AC_UY218_.jpg,4 out of 5,NA,https://www.amazon.in/Redmi-Poco-Matte-Black-Storage/dp/B08KTKZ9VT/ref=sr_1_276?dchild=1&keywords=Mobile+Phone+Under+20000+Rupees&qid=1610967584&sr=8-276
282,"IKALL 201 (Blue, 2GB, 16GB)",https://m.media-amazon.com/images/I/51BLhPjEUCL._AC_UY218_.jpg,NA,"₹ 4,599.00",https://www.amazon.in/IKALL-201-Blue-2GB-16GB/dp/B08KLH2PST/ref=sr_1_277?dchild=1&keywords=Mobile+Phone+Under+20000+Rupees&qid=1610967584&sr=8-277
283,"Realme Narzo 20 (Victory Blue, 4GB RAM, 64GB Storage)",https://m.media-amazon.com/images/I/814EHBaMleL._AC_UY218_.jpg,3.9 out of 5,NA,https://www.amazon.in/Realme-Narzo-Victory-Blue-Storage/dp/B08LHKMZD7/ref=sr_1_278?dchild=1&keywords=Mobile+Phone+Under+20000+Rupees&qid=1610967584&sr=8-278
284,"Samsung Galaxy A21s (Blue, 4GB RAM, 64GB Storage) with No Cost EMI/Additional Exchange Offers",https://m.media-amazon.com/images/I/811RH5e-snL._AC_UY218_.jpg,3.6 out of 5,"₹ 14,999.00",https://www.amazon.in/Samsung-Galaxy-Storage-Additional-Exchange/dp/B086KC85W8/ref=sr_1_279?dchild=1&keywords=Mobile+Phone+Under+20000+Rupees&qid=1610967584&sr=8-279
285,(Renewed) ASUS Zenfone Max Pro M1 4gb 64gb Grey,https://m.media-amazon.com/images/I/61owHg9TubL._AC_UY218_.jpg,3.6 out of 5,"₹ 7,999.00",https://www.amazon.in/Renewed-ASUS-Zenfone-64gb-Grey/dp/B07KFFV4BQ/ref=sr_1_280?dchild=1&keywords=Mobile+Phone+Under+20000+Rupees&qid=1610967584&sr=8-280
286,Dr2s fashion Retail Luxury Mercury Magnetic Lock Diary Wallet Style Flip Cover Case for Samsung Galaxy J7(6) 2016 / J7-6 (2016) J710 - Blue,https://m.media-amazon.com/images/I/81RR8MvSmyL._AC_UY218_.jpg,NA,₹ 249.00,https://www.amazon.in/Mercury-Magnetic-Samsung-Galaxy-J7/dp/B081DV5YP1/ref=sr_1_281?dchild=1&keywords=Mobile+Phone+Under+20000+Rupees&qid=1610967584&sr=8-281
287,"Nillkin Case for Apple iPhone SE2 SE 2 2020/8 (4.7"" Inch) Super Frosted Hard Back Cover PC with Logo Cut Black Color",https://m.media-amazon.com/images/I/41ZkJ0QqlGL._AC_UY218_.jpg,5 out of 5,₹ 699.00,https://www.amazon.in/Nillkin-Apple-iPhone-Super-Frosted/dp/B08JJBHGRH/ref=sr_1_282?dchild=1&keywords=Mobile+Phone+Under+20000+Rupees&qid=1610967584&sr=8-282
288,"Zopo Colour F2 Mobile Phone (White, 16GB)",https://m.media-amazon.com/images/I/71-bH2qsWnL._AC_UY218_.jpg,3.1 out of 5,NA,https://www.amazon.in/Zopo-Colour-F2-Mobile-Phone/dp/B01LCK94VM/ref=sr_1_283?dchild=1&keywords=Mobile+Phone+Under+20000+Rupees&qid=1610967584&sr=8-283
289,"(Renewed) Poco X3 (Cobalt Blue, 6GB RAM / 128GB Storage)",https://m.media-amazon.com/images/I/61w3TeD65RL._AC_UY218_.jpg,1 out of 5,"₹ 16,999.00",https://www.amazon.in/Renewed-Poco-Cobalt-128GB-Storage/dp/B08PSBXSKB/ref=sr_1_284?dchild=1&keywords=Mobile+Phone+Under+20000+Rupees&qid=1610967584&sr=8-284
290,"Lenovo A7 (Black, 2GB RAM, 32GB Storage, 4000mAh Battery)",https://m.media-amazon.com/images/I/31uPdaCoa9L._AC_UY218_.jpg,2 out of 5,"₹ 6,888.00",https://www.amazon.in/Lenovo-Black-Storage-4000mAh-Battery/dp/B08HR94SVF/ref=sr_1_285?dchild=1&keywords=Mobile+Phone+Under+20000+Rupees&qid=1610967584&sr=8-285
291,"Nokia 5.3 Android One Smartphone with Quad Camera, 4 GB RAM and 64 GB Storage - Sand",https://m.media-amazon.com/images/I/710lQvb4NRL._AC_UY218_.jpg,3.7 out of 5,"₹ 12,498.00",https://www.amazon.in/Nokia-5-3-Android-Smartphone-64/dp/B08GT2FC5M/ref=sr_1_286?dchild=1&keywords=Mobile+Phone+Under+20000+Rupees&qid=1610967584&sr=8-286
292,"(Renewed) Asus Zenfone Max M2 (Black, 3GB RAM, 32GB Storage)",https://m.media-amazon.com/images/I/61af9DdA61L._AC_UY218_.jpg,3.4 out of 5,"₹ 7,999.00",https://www.amazon.in/Renewed-Asus-Zenfone-Black-Storage/dp/B07Q3XFC32/ref=sr_1_287?dchild=1&keywords=Mobile+Phone+Under+20000+Rupees&qid=1610967584&sr=8-287
293,"Infinix Hot 10 (Ocean Wave, 6 GB RAM / 128 GB Storage)",https://m.media-amazon.com/images/I/71gDtUb8+sL._AC_UY218_.jpg,3.5 out of 5,NA,https://www.amazon.in/Infinix-Hot-Ocean-Wave-Storage/dp/B08KXXGFJ1/ref=sr_1_288?dchild=1&keywords=Mobile+Phone+Under+20000+Rupees&qid=1610967584&sr=8-288
